Latitude,Longitude,SIV,heading,speed,distanceBetween,targetHeading,currentHeading,headingError,gpsError,averageGPSError,lat,long,index
335447667,-820349884,26,7340061,6,286.33,137.88,0.26,0.76,-73.14,0,33.5447667,-82.0349884,0
335450526,-820350449,26,15162924,239,313.92,141.07,324.41,0.98,172.78,0,33.5450526,-82.0350449,0
335450138,-820350048,26,14878446,965,308.23,141.1,269.82,-0.72,121.04,-130.18,33.5450138,-82.0350048,0
335449534,-820349506,26,12336644,728,299.84,141.04,137.46,0.02,14.09,-130.18,33.5449534,-82.0349506,0
335449508,-820349441,26,11159982,657,299.24,141.1,136.32,0.03,24.72,-130.18,33.5449508,-82.0349441,0
335449479,-820349377,26,12062412,687,298.62,141.15,92.37,0.27,-28.25,-82.08,33.5449479,-82.0349377,0
335449347,-820349181,26,13277460,920,296.33,141.24,141.08,0,8.31,-82.08,33.5449347,-82.0349181,0
335449287,-820349094,26,12791688,1108,295.31,141.28,147.67,-0.04,19.76,-82.08,33.5449287,-82.0349094,0
335449224,-820349006,26,13077666,1062,294.25,141.32,143.08,-0.01,12.31,-82.08,33.5449224,-82.0349006,0
335449166,-820348911,26,12426002,1119,293.2,141.38,142.61,-0.01,18.35,-82.08,33.5449166,-82.0348911,0
335449111,-820348809,26,12133640,1125,292.13,141.45,143.74,-0.01,22.41,-82.08,33.5449111,-82.0348809,0
335449058,-820348705,26,12151248,1151,291.07,141.52,145.27,-0.02,23.76,-82.08,33.5449058,-82.0348705,0
335449002,-820348606,26,12478978,1087,290.01,141.59,144.67,-0.02,19.88,-82.08,33.5449002,-82.0348606,0
335448947,-820348505,26,12194112,1147,288.95,141.66,146.19,-0.03,24.25,-82.08,33.5448947,-82.0348505,0
335448889,-820348408,26,12640972,1081,287.88,141.72,128.61,0.07,2.2,-68.27,33.5448889,-82.0348408,0
335448776,-820348243,26,13028298,1016,285.95,141.8,144.49,-0.01,14.21,-68.27,33.5448776,-82.0348243,0
335448710,-820348151,26,13027220,1175,284.85,141.85,148.65,-0.04,18.38,-68.27,33.544871,-82.0348151,0
335448641,-820348065,26,13484878,1081,283.75,141.88,143.34,-0.01,8.49,-68.27,33.5448641,-82.0348065,0
335448577,-820347972,26,12696672,1135,282.66,141.93,142.19,0,15.23,-68.27,33.5448577,-82.0347972,0
335448515,-820347873,26,12633934,1162,281.55,141.99,139.33,0.01,12.99,-68.27,33.5448515,-82.0347873,0
335448458,-820347775,26,12400816,1087,280.49,142.05,138.76,0.02,14.75,-68.27,33.5448458,-82.0347775,0
335448406,-820347682,26,12299520,1027,279.5,142.12,138.16,0.02,15.17,-68.27,33.5448406,-82.0347682,0
335448356,-820347596,26,12575816,959,278.58,142.18,140.1,0.01,14.34,-68.27,33.5448356,-82.0347596,0
335448305,-820347508,26,12427996,1004,277.63,142.24,141.43,0,17.15,-68.27,33.5448305,-82.0347508,0
335448255,-820347421,26,12396260,983,276.69,142.3,130.27,0.07,6.31,-54.97,33.5448255,-82.0347421,0
335448150,-820347268,26,13225208,984,274.9,142.39,145.04,-0.01,12.79,-54.97,33.544815,-82.0347268,0
335448088,-820347186,26,13115776,1044,273.89,142.43,147.62,-0.03,16.47,-54.97,33.5448088,-82.0347186,0
335448026,-820347111,26,13536550,968,272.92,142.45,144.9,-0.01,9.54,-54.97,33.5448026,-82.0347111,0
335447960,-820347029,26,13316432,1106,271.88,142.49,149,-0.04,15.84,-54.97,33.544796,-82.0347029,0
335447826,-820346876,26,13364744,1047,269.83,142.53,146.26,-0.02,12.62,-54.97,33.5447826,-82.0346876,0
335447756,-820346796,26,13619608,1089,268.76,142.56,144.58,-0.01,8.39,-54.97,33.5447756,-82.0346796,0
335447687,-820346709,26,13184022,1129,267.66,142.59,145.43,-0.02,13.59,-54.97,33.5447687,-82.0346709,0
335447620,-820346617,26,13042656,1144,266.55,142.64,136.05,0.04,5.62,-43.03,33.544762,-82.0346617,0
335447550,-820346532,26,13581214,1111,265.46,142.68,142.09,0,6.28,-43.03,33.544755,-82.0346532,0
335447474,-820346443,26,13485184,1207,264.28,142.71,144.22,-0.01,9.37,-43.03,33.5447474,-82.0346443,0
335447395,-820346352,26,13617116,1225,263.07,142.74,146.79,-0.02,10.62,-43.03,33.5447395,-82.0346352,0
335447320,-820346267,26,13601020,1130,261.93,142.76,145.68,-0.02,9.67,-43.03,33.544732,-82.0346267,0
335447242,-820346177,26,13542808,1230,260.74,142.79,146.75,-0.02,11.32,-43.03,33.5447242,-82.0346177,0
335447169,-820346089,26,13360102,1121,259.6,142.83,145.54,-0.02,11.94,-43.03,33.5447169,-82.0346089,0
335447097,-820345998,26,13305576,1186,258.45,142.87,145.94,-0.02,12.88,-43.03,33.5447097,-82.0345998,0
335447024,-820345902,26,13153854,1223,257.26,142.92,146.66,-0.02,15.12,-43.03,33.5447024,-82.0345902,0
335446953,-820345809,26,13219558,1140,256.12,142.97,146.43,-0.02,14.23,-43.03,33.5446953,-82.0345809,0
335446879,-820345718,26,13455616,1197,254.95,143.01,150.58,-0.04,16.02,-43.03,33.5446879,-82.0345718,0
335446803,-820345641,26,14138456,1081,253.85,143.02,133.06,0.06,-8.32,-31.84,33.5446803,-82.0345641,0
335446658,-820345503,26,14496200,1035,251.79,143.03,143.85,0,-1.11,-31.84,33.5446658,-82.0345503,0
335446572,-820345431,26,14403402,1232,250.62,143.02,145.67,-0.01,1.64,-31.84,33.5446572,-82.0345431,0
335446481,-820345351,26,14339538,1262,249.37,143.02,146.71,-0.02,3.31,-31.84,33.5446481,-82.0345351,0
335446395,-820345272,27,14131982,1184,248.16,143.02,145.85,-0.02,4.53,-31.84,33.5446395,-82.0345272,0
335446308,-820345189,27,14077336,1263,246.93,143.03,146.66,-0.02,5.89,-31.84,33.5446308,-82.0345189,0
335446223,-820345108,27,14118110,1197,245.72,143.04,146.04,-0.02,4.86,-31.84,33.5446223,-82.0345108,0
335446136,-820345023,27,14000750,1274,244.47,143.05,146.67,-0.02,6.66,-31.84,33.5446136,-82.0345023,0
335446051,-820344938,27,13959958,1214,243.24,143.06,146.35,-0.02,6.75,-31.84,33.5446051,-82.0344938,0
335445968,-820344848,27,13712340,1272,242,143.09,148.44,-0.03,11.32,-31.84,33.5445968,-82.0344848,0
335445887,-820344767,28,14040706,1147,240.83,143.1,141.03,0.01,0.62,-28.28,33.5445887,-82.0344767,0
335445808,-820344688,28,13912292,1148,239.69,143.12,140.66,0.01,1.54,-28.28,33.5445808,-82.0344688,0
335445723,-820344607,28,14166440,1237,238.48,143.12,140.26,0.02,-1.4,-28.28,33.5445723,-82.0344607,0
335445635,-820344522,28,14048158,1273,237.23,143.14,140.38,0.02,-0.1,-28.28,33.5445635,-82.0344522,0
335445545,-820344434,28,14024332,1315,235.94,143.15,140.88,0.01,0.64,-28.28,33.5445545,-82.0344434,0
335445453,-820344342,28,13925194,1334,234.61,143.16,141.79,0.01,2.54,-28.28,33.5445453,-82.0344342,0
335445361,-820344250,28,14018446,1331,233.28,143.18,142.58,0,2.4,-28.28,33.5445361,-82.034425,0
335445269,-820344158,28,13979334,1340,231.95,143.2,143.45,0,3.66,-28.28,33.5445269,-82.0344158,0
335445177,-820344070,28,14153640,1300,230.64,143.21,143.65,0,2.12,-28.28,33.5445177,-82.034407,0
335445086,-820343984,28,14105006,1304,229.35,143.22,144.8,-0.01,3.75,-28.28,33.5445086,-82.0343984,0
335444994,-820343898,28,14170428,1296,228.05,143.22,146.66,-0.02,4.96,-28.28,33.5444994,-82.0343898,0
335444901,-820343813,28,14284784,1307,226.75,143.23,146.91,-0.02,4.06,-26.4,33.5444901,-82.0343813,0
335444810,-820343736,28,14487222,1212,225.52,143.22,145.92,-0.02,1.05,-26.4,33.544481,-82.0343736,0
335444716,-820343657,28,14458602,1318,224.24,143.21,146.39,-0.02,1.8,-26.4,33.5444716,-82.0343657,0
335444616,-820343575,28,14541496,1364,222.89,143.19,145.71,-0.01,0.29,-26.4,33.5444616,-82.0343575,0
335444515,-820343491,28,14504030,1366,221.53,143.18,144.76,-0.01,-0.28,-26.4,33.5444515,-82.0343491,0
335444416,-820343406,28,14336676,1345,220.17,143.17,144.05,0,0.68,-26.4,33.5444416,-82.0343406,0
335444322,-820343319,28,14175696,1327,218.85,143.18,143.86,0,2.1,-26.4,33.5444322,-82.0343319,0
335444230,-820343231,28,14061492,1296,217.55,143.19,144.02,0,3.4,-26.4,33.544423,-82.0343231,0
335444140,-820343143,28,14018656,1296,216.26,143.2,143.83,0,3.64,-26.4,33.544414,-82.0343143,0
335444051,-820343051,28,13885092,1315,214.95,143.23,144.21,-0.01,5.36,-26.4,33.5444051,-82.0343051,0
335443959,-820342960,28,14060976,1336,213.63,143.24,142.07,0.01,1.46,-24.19,33.5443959,-82.034296,0
335443865,-820342870,28,14103652,1344,212.29,143.25,141.25,0.01,0.21,-24.19,33.5443865,-82.034287,0
335443770,-820342779,28,14084706,1347,210.94,143.27,139.77,0.02,-1.08,-24.19,33.544377,-82.0342779,0
335443677,-820342688,29,14035544,1340,209.61,143.28,139.21,0.02,-1.15,-24.19,33.5443677,-82.0342688,0
335443588,-820342601,29,14104230,1258,208.33,143.3,140.73,0.01,-0.31,-24.19,33.5443588,-82.0342601,0
335443499,-820342514,29,14045072,1295,207.05,143.31,141.32,0.01,0.87,-24.19,33.5443499,-82.0342514,0
335443408,-820342424,29,14023536,1319,205.74,143.33,142.7,0,2.46,-24.19,33.5443408,-82.0342424,0
335443315,-820342333,29,14077818,1341,204.41,143.35,144.11,0,3.33,-24.19,33.5443315,-82.0342333,0
335443220,-820342243,29,14187752,1362,203.06,143.36,144.57,-0.01,2.69,-24.19,33.544322,-82.0342243,0
335443123,-820342154,31,14238166,1347,201.71,143.36,145.41,-0.01,3.03,-24.19,33.5443123,-82.0342154,0
335443027,-820342068,31,14366990,1338,200.37,143.36,143.77,0,0.1,-23.04,33.5443027,-82.0342068,0
335442932,-820341982,31,14250364,1323,199.05,143.37,143.18,0,0.67,-23.04,33.5442932,-82.0341982,0
335442838,-820341895,31,14194070,1316,197.73,143.37,143.35,0,1.41,-23.04,33.5442838,-82.0341895,0
335442745,-820341807,31,14140572,1319,196.41,143.38,143.81,0,2.4,-23.04,33.5442745,-82.0341807,0
335442650,-820341718,31,14162994,1345,195.07,143.39,144,0,2.37,-23.04,33.544265,-82.0341718,0
335442555,-820341629,31,14214394,1349,193.73,143.4,143.38,0,1.23,-23.04,33.5442555,-82.0341629,0
335442459,-820341539,31,14159340,1344,192.38,143.41,143.16,0,1.56,-23.04,33.5442459,-82.0341539,0
335442365,-820341450,31,14154936,1327,191.05,143.42,144.25,0,2.7,-23.04,33.5442365,-82.034145,0
335442272,-820341363,31,14195584,1320,189.74,143.43,145.43,-0.01,3.47,-23.04,33.5442272,-82.0341363,0
335442178,-820341280,31,14412096,1281,188.44,143.43,144.85,-0.01,0.73,-23.04,33.5442178,-82.034128,0
335442085,-820341200,31,14423968,1271,187.16,143.43,144.28,0,0.04,-23.04,33.5442085,-82.03412,0
335441993,-820341121,31,14448416,1261,185.91,143.42,141.48,0.01,-3,-21.52,33.5441993,-82.0341121,0
335441903,-820341041,31,14281384,1238,184.66,143.42,141.28,0.01,-1.53,-21.52,33.5441903,-82.0341041,0
335441815,-820340963,31,14330334,1201,183.44,143.42,141.21,0.01,-2.09,-21.52,33.5441815,-82.0340963,0
335441731,-820340887,31,14267634,1163,182.27,143.42,140.74,0.01,-1.94,-21.52,33.5441731,-82.0340887,0
335441650,-820340812,31,14230706,1132,181.14,143.43,140.71,0.02,-1.6,-21.52,33.544165,-82.0340812,0
335441570,-820340738,31,14239936,1129,180.01,143.43,140.74,0.01,-1.66,-21.52,33.544157,-82.0340738,0
335441489,-820340664,31,14217786,1132,178.88,143.44,141.1,0.01,-1.08,-21.52,33.5441489,-82.0340664,0
335441407,-820340589,31,14266660,1160,177.73,143.44,140.95,0.01,-1.72,-21.52,33.5441407,-82.0340589,0
335441325,-820340511,31,14107816,1168,176.57,143.46,140.34,0.02,-0.74,-21.52,33.5441325,-82.0340511,0
335441243,-820340431,31,14063748,1176,175.4,143.47,139.51,0.02,-1.13,-21.52,33.5441243,-82.0340431,0
335441169,-820340357,31,13974690,1034,174.33,143.49,143.72,0,3.97,-23.17,33.5441169,-82.0340357,0
335441097,-820340286,31,14088002,1034,173.29,143.51,144.76,-0.01,3.88,-23.17,33.5441097,-82.0340286,0
335441020,-820340209,31,13988698,1150,172.18,143.53,146.24,-0.02,6.35,-23.17,33.544102,-82.0340209,0
335440936,-820340130,31,14236010,1198,170.99,143.54,148,-0.02,5.64,-23.17,33.5440936,-82.034013,0
335440856,-820340055,31,14142126,1102,169.86,143.55,145.63,-0.01,4.21,-23.17,33.5440856,-82.0340055,0
335440775,-820339977,31,14068810,1178,168.71,143.57,145.87,-0.01,5.18,-23.17,33.5440775,-82.0339977,0
335440691,-820339896,31,14085106,1215,167.51,143.59,146.97,-0.02,6.12,-23.17,33.5440691,-82.0339896,0
335440604,-820339815,31,14249964,1228,166.29,143.6,148.2,-0.03,5.7,-23.17,33.5440604,-82.0339815,0
335440527,-820339745,31,14248588,1016,165.21,143.6,145.98,-0.01,3.49,-23.17,33.5440527,-82.0339745,0
335440449,-820339671,31,14112604,1150,164.11,143.62,146.77,-0.02,5.64,-23.17,33.5440449,-82.0339671,0
335440364,-820339592,31,14212042,1205,162.91,143.63,147.3,-0.02,5.18,-23.17,33.5440364,-82.0339592,0
335440286,-820339520,31,14184060,1063,161.82,143.63,141.27,0.01,-0.57,-18.14,33.5440286,-82.033952,0
335440210,-820339447,31,14068460,1084,160.73,143.65,141.29,0.01,0.6,-18.14,33.544021,-82.0339447,0
335440128,-820339369,31,14088238,1207,159.57,143.66,142.46,0.01,1.57,-18.14,33.5440128,-82.0339369,0
335440044,-820339287,31,14065890,1207,158.37,143.69,143.15,0,2.49,-18.14,33.5440044,-82.0339287,0
335439958,-820339207,31,14190790,1216,157.16,143.7,143.08,0,1.17,-18.14,33.5439958,-82.0339207,0
335439873,-820339125,31,14120242,1219,155.95,143.72,143.82,0,2.61,-18.14,33.5439873,-82.0339125,0
335439786,-820339043,31,14101944,1233,154.72,143.73,145.27,-0.01,4.25,-18.14,33.5439786,-82.0339043,0
335439698,-820338964,31,14354354,1221,153.49,143.74,146.19,-0.01,2.64,-18.14,33.5439698,-82.0338964,0
335439611,-820338886,31,14283380,1211,152.29,143.74,146.26,-0.01,3.42,-18.14,33.5439611,-82.0338886,0
335439532,-820338679,31,14014484,1217,150.45,144.13,146.77,-0.01,6.62,-18.14,33.5439532,-82.0338679,0
335439451,-820338573,31,14323132,1225,149.14,144.23,147.45,-0.02,4.21,-18.14,33.5439451,-82.0338573,0
335439345,-820338516,31,14757288,1234,147.88,144.13,145.48,-0.01,-2.09,-15.5,33.5439345,-82.0338516,0
335439256,-820338440,31,14595020,1225,146.66,144.13,146.59,-0.01,0.64,-15.5,33.5439256,-82.033844,0
335439154,-820338380,31,14897326,1209,145.42,144.04,147.92,-0.02,-1.05,-15.5,33.5439154,-82.033838,0
335439074,-820338311,31,14758614,1012,144.32,144.04,147.04,-0.02,-0.55,-15.5,33.5439074,-82.0338311,0
335438990,-820338244,31,14896662,1163,143.2,144.02,146.61,-0.01,-2.36,-15.5,33.543899,-82.0338244,0
335438904,-820338176,31,14513082,1165,142.05,144,147.17,-0.02,2.04,-15.5,33.5438904,-82.0338176,0
335438815,-820338113,31,14573088,1182,140.91,143.96,148.96,-0.03,3.23,-15.5,33.5438815,-82.0338113,0
335438738,-820338044,31,14504538,1031,139.84,143.96,145.64,-0.01,0.59,-15.5,33.5438738,-82.0338044,0
335438661,-820337986,31,14317518,1149,138.83,143.94,145.25,-0.01,2.07,-15.5,33.5438661,-82.0337986,0
335438606,-820337945,31,14442376,1180,138.11,143.91,145.31,-0.01,0.88,-15.5,33.5438606,-82.0337945,0
335438530,-820337894,31,14569780,1214,137.15,143.87,144.67,0,-1.03,-15.16,33.543853,-82.0337894,0
335438432,-820337830,31,14453834,1236,135.92,143.8,144.44,0,-0.1,-15.16,33.5438432,-82.033783,0
335438347,-820337769,31,14473206,1242,134.83,143.75,144.59,0,-0.14,-15.16,33.5438347,-82.0337769,0
335438257,-820337704,31,14534920,1248,133.66,143.71,144.78,-0.01,-0.57,-15.16,33.5438257,-82.0337704,0
335438163,-820337638,31,14528834,1271,132.46,143.65,144.82,-0.01,-0.47,-15.16,33.5438163,-82.0337638,0
335438068,-820337572,31,14528102,1269,131.24,143.6,144.54,-0.01,-0.74,-15.16,33.5438068,-82.0337572,0
335437976,-820337498,31,14327182,1284,130.01,143.57,144.29,0,1.02,-15.16,33.5437976,-82.0337498,0
335437885,-820337420,31,14375510,1297,128.77,143.56,143.79,0,0.03,-15.16,33.5437885,-82.033742,0
335437794,-820337338,31,14251284,1282,127.5,143.57,142.87,0,0.36,-15.16,33.5437794,-82.0337338,0
335437702,-820337256,31,14309702,1298,126.23,143.57,142.04,0.01,-1.06,-15.16,33.5437702,-82.0337256,0
335437610,-820337171,31,14222282,1327,124.94,143.58,141.53,0.01,-0.69,-15.16,33.543761,-82.0337171,0
335437514,-820337082,31,14203810,1345,123.59,143.6,142.05,0.01,0.01,-15.47,33.5437514,-82.0337082,0
335437416,-820336993,31,14230950,1349,122.22,143.6,142.67,0.01,0.36,-15.47,33.5437416,-82.0336993,0
335437319,-820336903,31,14158762,1335,120.86,143.62,143.12,0,1.53,-15.47,33.5437319,-82.0336903,0
335437219,-820336816,31,14251258,1361,119.48,143.61,143.38,0,0.87,-15.47,33.5437219,-82.0336816,0
335437117,-820336730,31,14325140,1354,118.1,143.6,143.66,0,0.41,-15.47,33.5437117,-82.033673,0
335437016,-820336644,31,14381558,1346,116.72,143.59,143.68,0,-0.14,-15.47,33.5437016,-82.0336644,0
335436917,-820336560,31,14337954,1315,115.37,143.57,142.8,0,-0.58,-15.47,33.5436917,-82.033656,0
335436819,-820336477,31,14359630,1315,114.04,143.56,141.85,0.01,-1.75,-15.47,33.5436819,-82.0336477,0
335436719,-820336395,31,14397580,1327,112.69,143.53,141.66,0.01,-2.32,-15.47,33.5436719,-82.0336395,0
335436620,-820336306,31,14210372,1325,111.32,143.54,142.35,0.01,0.24,-15.47,33.543662,-82.0336306,0
335436521,-820336219,31,14310492,1334,109.95,143.54,143.45,0,0.34,-15.47,33.5436521,-82.0336219,0
335436420,-820336135,31,14460184,1338,108.58,143.51,144.64,-0.01,0.04,-15.56,33.543642,-82.0336135,0
335436320,-820336053,31,14515072,1325,107.24,143.49,145.03,-0.01,-0.12,-15.56,33.543632,-82.0336053,0
335436221,-820335971,31,14513164,1308,105.9,143.46,145.11,-0.01,-0.02,-15.56,33.5436221,-82.0335971,0
335436122,-820335891,31,14608114,1309,104.57,143.43,145.35,-0.01,-0.73,-15.56,33.5436122,-82.0335891,0
335436022,-820335813,31,14511936,1311,103.25,143.38,145.98,-0.01,0.86,-15.56,33.5436022,-82.0335813,0
335435920,-820335734,31,14581804,1328,101.9,143.33,146.4,-0.02,0.58,-15.56,33.543592,-82.0335734,0
335435816,-820335654,31,14645004,1374,100.53,143.28,147.36,-0.02,0.91,-15.56,33.5435816,-82.0335654,0
335435716,-820335577,31,14580174,1281,99.21,143.23,145.43,-0.01,-0.37,-15.56,33.5435716,-82.0335577,0
335435614,-820335499,31,14593534,1352,97.87,143.17,144.74,-0.01,-1.19,-15.56,33.5435614,-82.0335499,0
335435511,-820335415,31,14514630,1391,96.49,143.13,144.03,-0.01,-1.11,-15.56,33.5435511,-82.0335415,0
335435404,-820335328,31,14571744,1426,95.05,143.09,144.13,-0.01,-1.59,-15.68,33.5435404,-82.0335328,0
335435297,-820335240,31,14492530,1423,93.61,143.05,144.43,-0.01,-0.5,-15.68,33.5435297,-82.033524,0
335435193,-820335150,31,14444298,1446,92.19,143.03,145.55,-0.01,1.1,-15.68,33.5435193,-82.033515,0
335435080,-820335063,31,14774640,1473,90.7,142.96,146.5,-0.02,-1.25,-15.68,33.543508,-82.0335063,0
335434967,-820334974,31,14597856,1465,89.2,142.9,147.31,-0.02,1.33,-15.68,33.5434967,-82.0334974,0
335434864,-820334888,31,14567636,1355,87.8,142.86,144.81,-0.01,-0.87,-15.68,33.5434864,-82.0334888,0
335434759,-820334801,31,14459824,1431,86.38,142.82,144.79,-0.01,0.19,-15.68,33.5434759,-82.0334801,0
335434650,-820334713,31,14512598,1444,84.92,142.77,144.98,-0.01,-0.15,-15.68,33.543465,-82.0334713,0
335434542,-820334624,31,14504430,1443,83.47,142.72,146.07,-0.02,1.02,-15.68,33.5434542,-82.0334624,0
335434433,-820334535,31,14520364,1451,82,142.66,147.1,-0.02,1.89,-15.68,33.5434433,-82.0334535,0
335434332,-820334454,31,14544878,1277,80.66,142.6,143.24,0,-2.21,-15.56,33.5434332,-82.0334454,0
335434238,-820334376,31,14480800,1272,79.39,142.56,142.34,0,-2.47,-15.56,33.5434238,-82.0334376,0
335434137,-820334292,31,14499736,1375,78.02,142.51,143.25,0,-1.75,-15.56,33.5434137,-82.0334292,0
335434032,-820334207,31,14574820,1413,76.61,142.45,144.12,-0.01,-1.63,-15.56,33.5434032,-82.0334207,0
335433924,-820334119,31,14529816,1460,75.17,142.38,145.24,-0.02,-0.06,-15.56,33.5433924,-82.0334119,0
335433814,-820334028,31,14569318,1468,73.68,142.32,147.39,-0.03,1.7,-15.56,33.5433814,-82.0334028,0
335433712,-820333944,31,14593980,1329,72.31,142.26,144.41,-0.01,-1.53,-15.56,33.5433712,-82.0333944,0
335433607,-820333857,31,14498720,1426,70.89,142.2,145.48,-0.02,0.49,-15.56,33.5433607,-82.0333857,0
335433499,-820333765,31,14455296,1484,69.42,142.15,146.66,-0.03,2.11,-15.56,33.5433499,-82.0333765,0
335433399,-820333671,31,14331940,1369,68.01,142.15,143.93,-0.01,0.61,-15.56,33.5433399,-82.0333671,0
335433296,-820333576,31,14260740,1461,66.56,142.15,144.97,-0.02,2.36,-15.56,33.5433296,-82.0333576,0
335433194,-820333476,31,14324410,1493,65.1,142.18,146,-0.02,2.75,-15.78,33.5433194,-82.0333476,0
335433093,-820333380,31,14277904,1407,63.66,142.19,144.73,-0.01,1.95,-15.78,33.5433093,-82.033338,0
335432990,-820333286,31,14293440,1447,62.22,142.18,145.24,-0.02,2.3,-15.78,33.543299,-82.0333286,0
335432885,-820333189,31,14309902,1458,60.75,142.17,146.15,-0.02,3.05,-15.78,33.5432885,-82.0333189,0
335432784,-820333097,31,14299148,1371,59.34,142.16,144.59,-0.01,1.59,-15.78,33.5432784,-82.0333097,0
335432684,-820333004,31,14384104,1449,57.93,142.16,144.06,-0.01,0.21,-15.78,33.5432684,-82.0333004,0
335432577,-820332907,31,14160746,1489,56.44,142.13,145.22,-0.02,3.61,-15.78,33.5432577,-82.0332907,0
335432474,-820332806,31,14244336,1513,54.96,142.17,146.1,-0.02,3.65,-15.78,33.5432474,-82.0332806,0
335432370,-820332707,31,14172760,1441,53.48,142.19,144.73,-0.01,3,-15.78,33.543237,-82.0332707,0
335432264,-820332607,31,14079498,1528,51.98,142.2,145.25,-0.02,4.45,-15.78,33.5432264,-82.0332607,0
335432155,-820332506,31,14162016,1530,50.45,142.2,145.88,-0.02,4.26,-15.78,33.5432155,-82.0332506,0
335432053,-820332412,31,14117318,1377,49.02,142.19,141.98,0,0.81,-12.97,33.5432053,-82.0332412,0
335431956,-820332322,31,14094938,1344,47.66,142.18,141.54,0,0.59,-12.97,33.5431956,-82.0332322,0
335431855,-820332233,31,14258082,1416,46.27,142.14,141.61,0,-0.97,-12.97,33.5431855,-82.0332233,0
335431752,-820332140,31,14158474,1458,44.83,142.11,142.17,0,0.59,-12.97,33.5431752,-82.033214,0
335431646,-820332044,31,14233382,1473,43.35,142.08,143.31,-0.01,0.98,-12.97,33.5431646,-82.0332044,0
335431539,-820331947,31,14282308,1490,41.86,142.05,144.81,-0.02,1.99,-12.97,33.5431539,-82.0331947,0
335431431,-820331850,31,14326972,1486,40.36,142.01,146.55,-0.03,3.28,-12.97,33.5431431,-82.033185,0
335431331,-820331760,31,14211442,1339,38.97,141.97,144.63,-0.01,2.52,-12.97,33.5431331,-82.033176,0
335431230,-820331668,31,14323418,1431,37.56,141.94,145.81,-0.02,2.58,-12.97,33.543123,-82.0331668,0
335431130,-820331578,31,14309478,1369,36.17,141.89,144.34,-0.01,1.25,-12.97,33.543113,-82.0331578,0
335431028,-820331488,31,14308474,1438,34.76,141.82,144.98,-0.02,1.9,-12.97,33.5431028,-82.0331488,0
335430920,-820331397,31,14382482,1476,33.3,141.68,145.02,-0.02,1.2,-11.56,33.543092,-82.0331397,0
335430812,-820331304,31,14467200,1474,31.82,141.56,147.95,-0.04,3.28,-11.56,33.5430812,-82.0331304,0
335430709,-820331217,31,14476848,1359,30.42,141.41,142.61,-0.01,-2.16,-11.56,33.5430709,-82.0331217,0
335430609,-820331123,31,14156316,1454,29.01,141.39,141.23,0,-0.33,-11.56,33.5430609,-82.0331123,0
335430505,-820331025,31,14154446,1473,27.54,141.36,139.39,0.01,-2.15,-11.56,33.5430505,-82.0331025,0
335430402,-820330923,31,13988316,1488,26.05,141.41,136.11,0.03,-3.77,-11.56,33.5430402,-82.0330923,0
335430307,-820330822,31,13969756,1403,24.64,141.58,139.74,0.01,0.04,-11.56,33.5430307,-82.0330822,0
335430203,-820330718,31,14117516,1523,23.14,141.67,140.81,0,-0.36,-11.56,33.5430203,-82.0330718,0
335430095,-820330615,30,14095928,1524,21.61,141.68,141.17,0,0.21,-11.56,33.5430095,-82.0330615,0
335429988,-820330512,30,14194924,1488,20.08,141.71,141.41,0,-0.54,-11.56,33.5429988,-82.0330512,0
335429881,-820330414,31,14166592,1487,18.58,141.64,142.18,0,0.52,-11.56,33.5429881,-82.0330414,0
335429774,-820330315,31,14194644,1496,17.08,141.58,142.64,-0.01,0.69,-11.93,33.5429774,-82.0330315,0
335429667,-820330219,30,14223444,1486,15.59,141.42,142.59,-0.01,0.36,-11.93,33.5429667,-82.0330219,0
335429566,-820330118,31,13916420,1432,14.13,141.55,145.05,-0.02,5.89,-11.93,33.5429566,-82.0330118,0
335429464,-820330021,31,14100342,1443,12.68,141.54,147.63,-0.03,6.63,-11.93,33.5429464,-82.0330021,0
335429371,-820329933,31,14110146,1263,11.37,141.52,143.26,-0.01,2.16,-11.93,33.5429371,-82.0329933,0
335429279,-820329846,31,14039458,1313,10.06,141.49,142.94,-0.01,2.55,-11.93,33.5429279,-82.0329846,0
335429185,-820329756,31,14073266,1323,8.73,141.5,145.42,-0.02,4.69,-11.93,33.5429185,-82.0329756,0
335429098,-820329672,32,13946466,1192,7.48,141.55,145.03,-0.02,5.57,-11.93,33.5429098,-82.0329672,0
335429009,-820329586,32,14133456,1287,6.21,141.63,150.66,-0.05,9.33,-11.93,33.5429009,-82.0329586,0
335428848,-820329448,32,14346554,968,4.02,140.09,139.86,0,-3.61,-7.73,33.5428848,-82.0329448,0
335428775,-820329381,32,14206726,1035,3,139.24,143.83,-0.03,1.76,-7.73,33.5428775,-82.0329381,0
335428699,-820329316,32,14522682,1043,1.96,136.45,141.82,-0.03,-3.41,-7.73,33.5428699,-82.0329316,0
335428625,-820329251,32,14229974,992,135.98,130.98,139.14,-0.05,-3.16,-9.48,33.5428625,-82.0329251,1
335428557,-820329193,32,14404466,891,135.08,130.89,132.79,-0.01,-11.25,-9.48,33.5428557,-82.0329193,1
335428485,-820329124,32,13924390,1092,134.07,130.81,130.35,0,-8.89,-9.48,33.5428485,-82.0329124,1
335428408,-820329044,31,13747516,1150,132.95,130.74,132.56,-0.01,-4.91,-9.48,33.5428408,-82.0329044,1
335428331,-820328959,31,13806344,1183,131.79,130.68,137.11,-0.04,-0.95,-9.48,33.5428331,-82.0328959,1
335428261,-820328886,31,14050006,994,130.77,130.62,132.83,-0.01,-7.67,-9.48,33.5428261,-82.0328886,1
335428190,-820328813,31,13832002,1069,129.75,130.55,134.68,-0.02,-3.64,-9.48,33.542819,-82.0328813,1
335428120,-820328742,32,13859072,1007,128.74,130.47,132.73,-0.01,-5.86,-9.48,33.542812,-82.0328742,1
335428044,-820328661,32,13963054,1169,127.62,130.4,134.08,-0.02,-5.55,-9.48,33.5428044,-82.0328661,1
335427969,-820328589,32,14048808,1028,126.57,130.31,133.26,-0.02,-7.23,-9.48,33.5427969,-82.0328589,1
335427889,-820328517,32,14245076,1151,125.49,130.2,135.46,-0.03,-6.99,-9.48,33.5427889,-82.0328517,1
335427812,-820328449,32,14117580,1015,124.45,130.09,136.66,-0.04,-4.52,-15.49,33.5427812,-82.0328449,1
335427747,-820328386,32,13995382,874,123.54,130,131.49,-0.01,-8.46,-15.49,33.5427747,-82.0328386,1
335427677,-820328312,32,13729292,1120,122.51,129.93,130.53,0,-6.76,-15.49,33.5427677,-82.0328312,1
335427600,-820328221,32,13586314,1218,121.32,129.88,129.96,0,-5.9,-15.49,33.54276,-82.0328221,1
335427522,-820328129,31,13517458,1231,120.11,129.82,131.08,-0.01,-4.09,-15.49,33.5427522,-82.0328129,1
335427451,-820328027,32,13281830,1253,118.88,129.82,131.33,-0.01,-1.49,-15.49,33.5427451,-82.0328027,1
335427373,-820327918,32,13349646,1311,117.54,129.81,131.35,-0.01,-2.15,-15.49,33.5427373,-82.0327918,1
335427289,-820327810,31,13366430,1375,116.18,129.77,130.44,0,-3.22,-15.49,33.5427289,-82.032781,1
335427204,-820327699,31,13272602,1392,114.78,129.74,129.23,0,-3.5,-15.49,33.5427204,-82.0327699,1
335427118,-820327589,32,13217776,1388,113.38,129.7,128.93,0,-3.25,-15.49,33.5427118,-82.0327589,1
335427033,-820327475,32,13258300,1434,111.97,129.67,129.51,0,-3.07,-15.49,33.5427033,-82.0327475,1
335426941,-820327363,32,13447020,1450,110.52,129.6,135.34,-0.03,0.87,-19.71,33.5426941,-82.0327363,1
335426856,-820327262,31,13457058,1280,109.19,129.53,131.28,-0.01,-3.29,-19.71,33.5426856,-82.0327262,1
335426772,-820327153,32,13353224,1401,107.82,129.49,132.15,-0.01,-1.38,-19.71,33.5426772,-82.0327153,1
335426681,-820327041,32,13524280,1464,106.37,129.43,131.91,-0.01,-3.33,-19.71,33.5426681,-82.0327041,1
335426588,-820326926,32,13508476,1503,104.89,129.36,132.38,-0.02,-2.71,-19.71,33.5426588,-82.0326926,1
335426490,-820326811,32,13587604,1529,103.38,129.27,133.42,-0.02,-2.46,-19.71,33.542649,-82.0326811,1
335426393,-820326702,32,13668030,1437,101.91,129.16,130.78,-0.01,-5.9,-19.71,33.5426393,-82.0326702,1
335426295,-820326592,32,13665986,1503,100.43,129.04,127.69,0.01,-8.97,-19.71,33.5426295,-82.0326592,1
335426197,-820326476,32,13335832,1516,98.91,128.95,126.09,0.02,-7.27,-19.71,33.5426197,-82.0326476,1
335426102,-820326355,32,13219760,1535,97.37,128.88,125.56,0.02,-6.64,-19.71,33.5426102,-82.0326355,1
335426005,-820326231,32,13231706,1572,95.8,128.81,129.66,0,-2.66,-23.82,33.5426005,-82.0326231,1
335425907,-820326109,32,13394526,1570,94.24,128.72,129.42,0,-4.53,-23.82,33.5425907,-82.0326109,1
335425804,-820325986,32,13470178,1631,92.63,128.61,128.93,0,-5.77,-23.82,33.5425804,-82.0325986,1
335425702,-820325858,32,13310504,1639,91,128.52,128,0,-5.11,-23.82,33.5425702,-82.0325858,1
335425602,-820325730,32,13217962,1617,89.38,128.43,128.46,0,-3.72,-23.82,33.5425602,-82.032573,1
335425508,-820325603,32,13262394,1576,87.8,128.38,130.31,-0.01,-2.32,-23.82,33.5425508,-82.0325603,1
335425411,-820325483,32,13395956,1500,86.26,128.27,131.47,-0.02,-2.49,-23.82,33.5425411,-82.0325483,1
335425318,-820325371,32,13345742,1438,84.81,128.16,132.84,-0.03,-0.62,-23.82,33.5425318,-82.0325371,1
335425235,-820325271,32,13397640,1241,83.51,128.05,130.52,-0.01,-3.46,-23.82,33.5425235,-82.0325271,1
335425150,-820325171,31,13423310,1357,82.19,127.93,133.01,-0.03,-1.23,-23.82,33.542515,-82.0325171,1
335425064,-820325077,32,13778342,1262,80.92,127.78,130.98,-0.02,-6.81,-27.01,33.5425064,-82.0325077,1
335424983,-820324985,32,13609198,1259,79.69,127.64,126.29,0.01,-9.8,-27.01,33.5424983,-82.0324985,1
335424896,-820324881,32,13387420,1421,78.34,127.51,123.06,0.02,-10.82,-27.01,33.5424896,-82.0324881,1
335424808,-820324773,32,13499042,1382,76.95,127.39,125.49,0.01,-9.5,-27.01,33.5424808,-82.0324773,1
335424717,-820324656,32,13278376,1541,75.47,127.28,125.03,0.01,-7.76,-27.01,33.5424717,-82.0324656,1
335424622,-820324535,32,13318240,1564,73.94,127.15,124.77,0.01,-8.41,-27.01,33.5424622,-82.0324535,1
335424525,-820324412,32,13195446,1590,72.38,127.02,125.11,0.01,-6.85,-27.01,33.5424525,-82.0324412,1
335424428,-820324289,32,13252608,1573,70.82,126.88,126.5,0,-6.03,-27.01,33.5424428,-82.0324289,1
335424333,-820324168,32,13316720,1541,69.29,126.73,127.37,0,-5.8,-27.01,33.5424333,-82.0324168,1
335424235,-820324047,32,13308040,1563,67.74,126.56,126.92,0,-6.16,-27.01,33.5424235,-82.0324047,1
335424140,-820323918,32,12981198,1622,66.15,126.44,128.2,-0.01,-1.61,-27.01,33.542414,-82.0323918,1
335424041,-820323786,32,13208370,1650,64.51,126.3,136.9,-0.06,4.82,-34.24,33.5424041,-82.0323786,1
335423854,-820323543,32,12950724,1505,61.47,125.98,128.03,-0.01,-1.48,-34.24,33.5423854,-82.0323543,1
335423762,-820323414,32,13031262,1587,59.9,125.86,129.52,-0.02,-0.79,-34.24,33.5423762,-82.0323414,1
335423670,-820323287,32,13084294,1556,58.34,125.73,126.98,-0.01,-3.86,-34.24,33.542367,-82.0323287,1
335423581,-820323156,32,12896804,1579,56.78,125.63,126.02,0,-2.95,-34.24,33.5423581,-82.0323156,1
335423491,-820323026,32,12957306,1575,55.22,125.52,126.52,-0.01,-3.05,-34.24,33.5423491,-82.0323026,1
335423402,-820322896,32,12917314,1572,53.66,125.4,127.07,-0.01,-2.1,-34.24,33.5423402,-82.0322896,1
335423315,-820322767,32,12836484,1536,52.13,125.3,128.28,-0.02,-0.08,-34.24,33.5423315,-82.0322767,1
335423229,-820322639,32,12826526,1503,50.6,125.19,132.29,-0.04,4.02,-34.24,33.5423229,-82.0322639,1
335423149,-820322533,32,13267220,1262,49.29,125,127.11,-0.01,-5.56,-34.85,33.5423149,-82.0322533,1
335423078,-820322439,32,13115516,1141,48.12,124.83,123.49,0.01,-7.67,-34.85,33.5423078,-82.0322439,1
335423010,-820322343,32,12978764,1199,46.96,124.69,124.27,0,-5.52,-34.85,33.542301,-82.0322343,1
335422938,-820322244,32,13150346,1215,45.75,124.52,126.26,-0.01,-5.24,-34.85,33.5422938,-82.0322244,1
335422861,-820322142,32,13168884,1279,44.49,124.3,129.11,-0.03,-2.58,-34.85,33.5422861,-82.0322142,1
335422784,-820322043,32,13388996,1231,43.25,124.05,125.67,-0.01,-8.22,-34.85,33.5422784,-82.0322043,1
335422703,-820321933,32,13028302,1383,41.9,123.81,125.51,-0.01,-4.77,-34.85,33.5422703,-82.0321933,1
335422623,-820321816,32,12895998,1404,40.5,123.62,125,-0.01,-3.96,-34.85,33.5422623,-82.0321816,1
335422541,-820321695,32,12833076,1433,39.06,123.42,124.46,-0.01,-3.87,-34.85,33.5422541,-82.0321695,1
335422460,-820321570,32,12692522,1465,37.6,123.24,125.1,-0.01,-1.83,-34.85,33.542246,-82.032157,1
335422374,-820321442,32,12858936,1531,36.08,123,126.08,-0.02,-2.51,-34.85,33.5422374,-82.0321442,1
335422291,-820321315,32,12767636,1503,34.59,122.78,132.17,-0.05,4.5,-39.55,33.5422291,-82.0321315,1
335422213,-820321199,32,13061376,1355,33.22,122.53,123.72,-0.01,-6.89,-39.55,33.5422213,-82.0321199,1
335422139,-820321084,32,12478400,1328,31.88,122.31,119.52,0.02,-5.26,-39.55,33.5422139,-82.0321084,1
335422074,-820320964,32,12162402,1329,30.55,122.28,118.33,0.02,-3.29,-39.55,33.5422074,-82.0320964,1
335422010,-820320849,32,12459538,1221,29.27,122.22,119.53,0.01,-5.06,-39.55,33.542201,-82.0320849,1
335421952,-820320734,32,12449674,1237,28.02,122.27,120.78,0.01,-3.71,-39.55,33.5421952,-82.0320734,1
335421888,-820320627,32,12532750,1172,26.8,122.11,121.67,0,-3.66,-39.55,33.5421888,-82.0320627,1
335421836,-820320524,32,12328938,1142,25.69,122.15,121.4,0,-1.89,-39.55,33.5421836,-82.0320524,1
335421781,-820320420,32,12438184,1144,24.55,122.14,121.83,0,-2.55,-39.55,33.5421781,-82.032042,1
335421726,-820320315,32,12337646,1171,23.4,122.14,121.08,0.01,-2.29,-39.55,33.5421726,-82.0320315,1
335421671,-820320211,32,12077930,1128,22.25,122.13,121.56,0,0.78,-39.55,33.5421671,-82.0320211,1
335421626,-820320117,32,12165634,995,21.25,122.23,122.72,0,1.06,-42.22,33.5421626,-82.0320117,1
335421581,-820320035,32,12344586,915,20.34,122.18,119.75,0.01,-3.7,-42.22,33.5421581,-82.0320035,1
335421537,-820319946,32,11817848,978,19.38,122.26,116.53,0.03,-1.65,-42.22,33.5421537,-82.0319946,1
335421500,-820319865,32,12143654,858,18.53,122.42,120.65,0.01,-0.79,-42.22,33.54215,-82.0319865,1
335421455,-820319779,32,12002712,969,17.59,122.44,120.18,0.01,0.15,-42.22,33.5421455,-82.0319779,1
335421415,-820319687,32,11713986,980,16.63,122.72,116.87,0.03,-0.27,-42.22,33.5421415,-82.0319687,1
335421350,-820319510,32,11835658,980,14.86,123.79,119.02,0.03,0.66,-42.22,33.542135,-82.031951,1
335421312,-820319421,32,11719396,878,13.94,124.23,121.44,0.02,4.25,-42.22,33.5421312,-82.0319421,1
335421279,-820319330,32,11296368,929,13.04,124.99,119.56,0.03,6.6,-42.22,33.5421279,-82.031933,1
335421251,-820319247,32,11409450,792,12.23,125.86,123.31,0.01,9.21,-41.52,33.5421251,-82.0319247,1
335421223,-820319170,32,11639216,807,11.47,126.69,124.22,0.01,7.83,-41.52,33.5421223,-82.031917,1
335421193,-820319086,32,11430208,890,10.65,127.75,123.39,0.02,9.09,-41.52,33.5421193,-82.0319086,1
335421164,-820319009,32,11666298,779,9.89,128.81,125.54,0.02,8.88,-41.52,33.5421164,-82.0319009,1
335421133,-820318931,32,11274436,824,9.11,129.97,126.55,0.02,13.8,-41.52,33.5421133,-82.0318931,1
335421104,-820318855,32,11303738,773,8.36,131.37,128.63,0.02,15.59,-41.52,33.5421104,-82.0318855,1
335421078,-820318790,32,11341928,621,7.72,132.72,127.28,0.03,13.86,-41.52,33.5421078,-82.031879,1
335421057,-820318735,32,11287138,533,7.19,134.11,130.3,0.02,17.43,-41.52,33.5421057,-82.0318735,1
335421033,-820318680,32,11886156,581,6.64,135.52,129.45,0.03,10.59,-41.52,33.5421033,-82.031868,1
335421006,-820318620,32,11545132,625,6.04,137.28,134.56,0.02,19.11,-41.52,33.5421006,-82.031862,1
335420975,-820318547,32,11632688,789,5.33,140.11,136.87,0.02,20.54,-41.52,33.5420975,-82.0318547,1
335420940,-820318470,32,11877790,802,4.59,143.84,123.48,0.11,4.71,-28.25,33.542094,-82.031847,1
335420873,-820318363,32,13797382,511,3.42,149.9,144.58,0.03,6.61,-28.25,33.5420873,-82.0318363,1
335420830,-820318327,32,14510912,590,2.84,150.89,148.51,0.01,3.41,-28.25,33.542083,-82.0318327,1
335420779,-820318287,32,14585216,702,2.16,152.16,149.35,0.02,3.5,-28.25,33.5420779,-82.0318287,1
335420722,-820318244,32,14601118,740,1.42,154.44,149.48,0.03,3.47,-28.25,33.5420722,-82.0318244,1
335420672,-820318209,32,14860876,593,121.04,133.62,149.65,-0.09,1.05,-23.91,33.5420672,-82.0318209,2
335420592,-820318157,32,14153216,472,120.07,133.47,132.49,0.01,-9.04,-23.91,33.5420592,-82.0318157,2
335420552,-820318111,32,13317536,668,119.46,133.46,131.79,0.01,-1.38,-23.91,33.5420552,-82.0318111,2
335420507,-820318055,32,13419644,730,118.74,133.45,132.52,0.01,-1.67,-23.91,33.5420507,-82.0318055,2
335420459,-820317996,32,13380230,753,117.97,133.45,134.24,0,0.44,-23.91,33.5420459,-82.0317996,2
335420409,-820317937,32,13543808,759,117.19,133.43,136.47,-0.02,1.04,-23.91,33.5420409,-82.0317937,2
335420355,-820317878,32,13776592,808,116.38,133.4,137.72,-0.02,-0.04,-23.91,33.5420355,-82.0317878,2
335420308,-820317825,32,13486114,658,115.67,133.38,136,-0.01,1.14,-23.91,33.5420308,-82.0317825,2
335420257,-820317771,32,13713750,772,114.91,133.35,136.99,-0.02,-0.14,-23.91,33.5420257,-82.0317771,2
335420208,-820317716,32,13495078,702,114.17,133.33,137.07,-0.02,2.12,-23.91,33.5420208,-82.0317716,2
335420167,-820317669,32,13429198,590,113.54,133.31,135.95,-0.01,1.66,-24.56,33.5420167,-82.0317669,2
335420128,-820317624,32,13515670,592,112.94,133.29,136.32,-0.02,1.16,-24.56,33.5420128,-82.0317624,2
335420084,-820317572,32,13505784,685,112.25,133.28,138.06,-0.03,3,-24.56,33.5420084,-82.0317572,2
335420043,-820317522,32,13480326,576,111.6,133.27,135.2,-0.01,0.4,-24.56,33.5420043,-82.0317522,2
335420003,-820317472,32,13404574,667,110.96,133.27,136.1,-0.02,2.05,-24.56,33.5420003,-82.0317472,2
335419962,-820317415,32,13206818,695,110.26,133.29,137.63,-0.02,5.56,-24.56,33.5419962,-82.0317415,2
335419924,-820317366,32,13271764,557,109.64,133.29,135.32,-0.01,2.6,-24.56,33.5419924,-82.0317366,2
335419884,-820317309,32,13206266,687,108.95,133.31,135.94,-0.01,3.88,-24.56,33.5419884,-82.0317309,2
335419840,-820317251,32,13259786,738,108.23,133.31,135.2,-0.01,2.6,-24.56,33.541984,-82.0317251,2
335419794,-820317188,32,12968640,763,107.45,133.33,134.94,-0.01,5.25,-24.56,33.5419794,-82.0317188,2
335419750,-820317124,31,12897528,767,106.68,133.36,135.21,-0.01,6.23,-24.56,33.541975,-82.0317124,2
335419703,-820317061,32,13062936,777,105.9,133.37,131.35,0.01,0.72,-21.43,33.5419703,-82.0317061,2
335419657,-820316996,32,12911076,784,105.11,133.39,130.43,0.02,1.32,-21.43,33.5419657,-82.0316996,2
335419610,-820316930,32,12941766,807,104.31,133.41,129.41,0.02,-0.01,-21.43,33.541961,-82.031693,2
335419568,-820316869,32,13101766,682,103.57,133.44,130.85,0.01,-0.17,-21.43,33.5419568,-82.0316869,2
335419524,-820316805,32,12964088,773,102.81,133.47,131.93,0.01,2.29,-21.43,33.5419524,-82.0316805,2
335419475,-820316741,32,13305454,772,102,133.48,133.73,0,0.68,-21.43,33.5419475,-82.0316741,2
335419426,-820316679,32,13407750,779,101.21,133.48,135.62,-0.01,1.54,-21.43,33.5419426,-82.0316679,2
335419377,-820316620,32,13670286,754,100.44,133.47,138.69,-0.03,1.99,-21.43,33.5419377,-82.031662,2
335419331,-820316574,31,14288776,595,99.78,133.42,135.43,-0.01,-7.46,-21.43,33.5419331,-82.0316574,2
335419284,-820316526,31,13732714,716,99.09,133.38,137.32,-0.02,0,-21.43,33.5419284,-82.0316526,2
335419241,-820316484,32,14009458,574,98.48,133.33,135.51,-0.01,-4.59,-21.34,33.5419241,-82.0316484,2
335419199,-820316445,32,14177708,579,97.9,133.28,137.69,-0.02,-4.09,-21.34,33.5419199,-82.0316445,2
335419159,-820316409,32,13998944,561,97.35,133.22,135.8,-0.01,-4.19,-21.34,33.5419159,-82.0316409,2
335419110,-820316363,32,13948238,733,96.67,133.16,138.56,-0.03,-0.92,-21.34,33.541911,-82.0316363,2
335419064,-820316316,32,13725180,654,96,133.12,134.7,-0.01,-2.55,-21.34,33.5419064,-82.0316316,2
335419013,-820316255,32,13236476,829,95.2,133.1,134.68,-0.01,2.31,-21.34,33.5419013,-82.0316255,2
335418961,-820316186,32,13338718,873,94.34,133.11,135.47,-0.01,2.08,-21.34,33.5418961,-82.0316186,2
335418905,-820316115,32,13424548,909,93.43,133.1,139.91,-0.04,5.66,-21.34,33.5418905,-82.0316115,2
335418799,-820315986,31,13163740,891,91.75,133.08,136.39,-0.02,4.75,-21.34,33.5418799,-82.0315986,2
335418740,-820315906,31,13194578,1000,90.76,133.09,139.5,-0.04,7.55,-21.34,33.541874,-82.0315906,2
335418683,-820315831,31,13268156,942,89.82,133.1,133.73,0,1.05,-20.74,33.5418683,-82.0315831,2
335418631,-820315754,31,12738934,943,88.9,133.14,132.22,0.01,4.83,-20.74,33.5418631,-82.0315754,2
335418574,-820315668,32,12742264,1065,87.89,133.2,133.73,0,6.3,-20.74,33.5418574,-82.0315668,2
335418513,-820315580,32,13002970,1072,86.83,133.24,135.08,-0.01,5.05,-20.74,33.5418513,-82.031558,2
335418447,-820315496,32,13305088,1074,85.76,133.24,135.34,-0.01,2.29,-20.74,33.5418447,-82.0315496,2
335418379,-820315416,32,13549722,1064,84.7,133.21,136.91,-0.02,1.41,-20.74,33.5418379,-82.0315416,2
335418318,-820315348,32,13665486,857,83.78,133.17,136.01,-0.02,-0.65,-20.74,33.5418318,-82.0315348,2
335418257,-820315281,32,13817844,949,82.86,133.12,137.86,-0.03,-0.32,-20.74,33.5418257,-82.0315281,2
335418201,-820315216,32,13469772,836,81.99,133.09,135.9,-0.02,1.2,-20.74,33.5418201,-82.0315216,2
335418141,-820315148,32,13702914,934,81.08,133.05,138.97,-0.03,1.94,-20.74,33.5418141,-82.0315148,2
335418081,-820315084,32,13932962,854,80.19,132.99,132.42,0,-6.91,-18.43,33.5418081,-82.0315084,2
335418022,-820315019,32,13738528,898,79.3,132.94,130.52,0.01,-6.87,-18.43,33.5418022,-82.0315019,2
335417956,-820314948,32,13743652,1033,78.32,132.88,132.6,0,-4.84,-18.43,33.5417956,-82.0314948,2
335417886,-820314872,32,13690908,1067,77.27,132.81,136.41,-0.02,-0.5,-18.43,33.5417886,-82.0314872,2
335417817,-820314799,31,13733686,988,76.25,132.73,136.1,-0.02,-1.24,-18.43,33.5417817,-82.0314799,2
335417739,-820314722,32,14012238,1180,75.14,132.61,141.61,-0.05,1.49,-18.43,33.5417739,-82.0314722,2
335417585,-820314576,32,13968960,1103,72.99,132.34,133.83,-0.01,-5.86,-18.43,33.5417585,-82.0314576,2
335417499,-820314488,32,13893636,1324,71.74,132.22,139.34,-0.04,0.4,-18.43,33.5417499,-82.0314488,2
335417339,-820314315,32,13623196,1245,69.36,132.02,134.26,-0.01,-1.97,-18.43,33.5417339,-82.0314315,2
335417256,-820314216,32,13548456,1326,68.06,131.96,139.09,-0.04,3.61,-21.35,33.5417256,-82.0314216,2
335417178,-820314127,32,13708150,1149,66.86,131.88,134.21,-0.01,-2.87,-21.35,33.5417178,-82.0314127,2
335417104,-820314038,32,13467248,1179,65.7,131.83,135.44,-0.02,0.77,-21.35,33.5417104,-82.0314038,2
335417033,-820313955,32,13597556,1083,64.6,131.76,133.36,-0.01,-2.61,-21.35,33.5417033,-82.0313955,2
335416964,-820313871,32,13314298,1105,63.51,131.71,134.51,-0.02,1.37,-21.35,33.5416964,-82.0313871,2
335416894,-820313785,31,13304294,1108,62.39,131.66,135.19,-0.02,2.15,-21.35,33.5416894,-82.0313785,2
335416825,-820313698,32,13292452,1124,61.28,131.63,136.27,-0.03,3.35,-21.35,33.5416825,-82.0313698,2
335416763,-820313620,31,13170972,947,60.28,131.59,133.83,-0.01,2.12,-21.35,33.5416763,-82.031362,2
335416700,-820313539,32,13218062,1066,59.26,131.57,133.91,-0.01,1.73,-21.35,33.54167,-82.0313539,2
335416632,-820313451,31,13246682,1114,58.14,131.55,134.31,-0.02,1.84,-21.35,33.5416632,-82.0313451,2
335416563,-820313359,32,13318966,1141,57,131.54,133.51,-0.01,0.32,-20.21,33.5416563,-82.0313359,2
335416492,-820313266,32,13236594,1165,55.83,131.52,135.26,-0.02,2.89,-20.21,33.5416492,-82.0313266,2
335416427,-820313176,32,13125734,1074,54.72,131.53,134.41,-0.02,3.15,-20.21,33.5416427,-82.0313176,2
335416360,-820313085,32,13238852,1135,53.6,131.53,135.5,-0.02,3.11,-20.21,33.541636,-82.0313085,2
335416294,-820312995,32,13258038,1067,52.49,131.54,134.13,-0.01,1.55,-20.21,33.5416294,-82.0312995,2
335416225,-820312904,32,13224332,1152,51.35,131.52,135.22,-0.02,2.97,-20.21,33.5416225,-82.0312904,2
335416162,-820312815,32,13172790,1069,50.26,131.54,134.37,-0.02,2.64,-20.21,33.5416162,-82.0312815,2
335416096,-820312726,32,13249664,1125,49.16,131.54,135.08,-0.02,2.58,-20.21,33.5416096,-82.0312726,2
335416023,-820312637,32,13430462,1156,48,131.47,135.64,-0.02,1.33,-20.21,33.5416023,-82.0312637,2
335415952,-820312549,31,13244842,1121,46.87,131.41,132.79,-0.01,0.34,-20.21,33.5415952,-82.0312549,2
335415882,-820312457,32,13067030,1140,45.71,131.38,133.05,-0.01,2.38,-20.21,33.5415882,-82.0312457,2
335415814,-820312364,32,13169538,1139,44.57,131.38,131.59,0,-0.1,-18.09,33.5415814,-82.0312364,2
335415742,-820312274,32,13395072,1157,43.41,131.32,131.72,0,-2.23,-18.09,33.5415742,-82.0312274,2
335415669,-820312184,31,13403834,1142,42.25,131.24,132.81,-0.01,-1.23,-18.09,33.5415669,-82.0312184,2
335415599,-820312094,31,13428348,1133,41.11,131.19,134.74,-0.02,0.46,-18.09,33.5415599,-82.0312094,2
335415525,-820312008,32,13536126,1133,39.97,131.05,137.57,-0.04,2.21,-18.09,33.5415525,-82.0312008,2
335415455,-820311930,31,13786610,1007,38.91,130.89,133.56,-0.01,-4.3,-18.09,33.5415455,-82.031193,2
335415385,-820311846,31,13295406,1131,37.81,130.77,132.91,-0.01,-0.04,-18.09,33.5415385,-82.0311846,2
335415311,-820311755,32,13439894,1201,36.64,130.66,135.69,-0.03,1.29,-18.09,33.5415311,-82.0311755,2
335415239,-820311667,32,13389642,1103,35.5,130.53,132.53,-0.01,-1.36,-18.09,33.5415239,-82.0311667,2
335415166,-820311577,32,13445712,1188,34.33,130.41,133.15,-0.02,-1.3,-18.09,33.5415166,-82.0311577,2
335415090,-820311482,32,13300458,1217,33.12,130.28,134.56,-0.02,1.56,-18.75,33.541509,-82.0311482,2
335415020,-820311390,32,13172108,1106,31.96,130.21,132.46,-0.01,0.74,-18.75,33.541502,-82.031139,2
335414949,-820311296,32,13131822,1193,30.79,130.13,133.06,-0.02,1.74,-18.75,33.5414949,-82.0311296,2
335414876,-820311200,32,13223884,1207,29.58,130.04,133.46,-0.02,1.22,-18.75,33.5414876,-82.03112,2
335414802,-820311103,32,13248482,1212,28.36,129.94,134,-0.02,1.52,-18.75,33.5414802,-82.0311103,2
335414733,-820311011,31,13176294,1118,27.22,129.85,132.25,-0.01,0.49,-18.75,33.5414733,-82.0311011,2
335414662,-820310916,31,13123410,1195,26.04,129.76,133.28,-0.02,2.05,-18.75,33.5414662,-82.0310916,2
335414587,-820310816,32,13211480,1250,24.79,129.65,134.67,-0.03,2.56,-18.75,33.5414587,-82.0310816,2
335414515,-820310722,32,13290420,1134,23.61,129.5,131.67,-0.01,-1.23,-18.75,33.5414515,-82.0310722,2
335414440,-820310625,32,13229650,1253,22.38,129.31,132.83,-0.02,0.54,-18.75,33.541444,-82.0310625,2
335414361,-820310522,32,13254784,1308,21.09,129.11,134.45,-0.03,1.91,-18.75,33.5414361,-82.0310522,2
335414287,-820310424,32,13238458,1181,19.86,128.92,129.17,0,-3.21,-17.56,33.5414287,-82.0310424,2
335414213,-820310326,32,13116384,1217,18.64,128.71,129.18,0,-1.98,-17.56,33.5414213,-82.0310326,2
335414136,-820310224,32,13246900,1289,17.37,128.45,130.17,-0.01,-2.3,-17.56,33.5414136,-82.0310224,2
335414058,-820310122,32,13163796,1277,16.09,128.13,133.18,-0.03,1.54,-17.56,33.5414058,-82.0310122,2
335413985,-820310027,32,13182284,1147,14.89,127.76,130.2,-0.01,-1.62,-17.56,33.5413985,-82.0310027,2
335413911,-820309927,31,13023430,1265,13.66,127.42,131.53,-0.02,1.3,-17.56,33.5413911,-82.0309927,2
335413839,-820309828,32,13053334,1183,12.44,127.05,130,-0.02,-0.53,-17.56,33.5413839,-82.0309828,2
335413761,-820309726,32,13204940,1314,11.16,126.43,131.68,-0.03,-0.37,-17.56,33.5413761,-82.0309726,2
335413686,-820309626,32,13077416,1203,9.92,125.73,127.7,-0.01,-3.07,-17.56,33.5413686,-82.0309626,2
335413610,-820309523,32,12990704,1293,8.66,124.88,128.51,-0.02,-1.39,-17.56,33.541361,-82.0309523,2
335413537,-820309421,30,12945020,1197,7.42,123.91,127.88,-0.02,-1.57,-17.56,33.5413537,-82.0309421,2
335413466,-820309322,32,13120340,1152,6.22,122.59,127.18,-0.03,-4.02,-18.76,33.5413466,-82.0309322,2
335413396,-820309234,32,13186686,1085,5.11,120.16,124.94,-0.03,-6.92,-18.76,33.5413396,-82.0309234,2
335413329,-820309139,32,12957534,1185,3.98,117.25,122.27,-0.03,-7.3,-18.76,33.5413329,-82.0309139,2
335413261,-820309037,32,12658682,1204,2.81,112.36,119.23,-0.04,-7.35,-18.76,33.5413261,-82.0309037,2
335413195,-820308936,32,12609928,1168,1.69,101.37,114.25,-0.07,-11.85,-18.76,33.5413195,-82.0308936,2
335413086,-820308749,32,12106170,992,107.07,133.68,105.55,0.16,-15.51,-26.25,33.5413086,-82.0308749,3
335412940,-820308467,32,12524070,1184,104.06,134.02,136.41,-0.01,11.17,-26.25,33.541294,-82.0308467,3
335412870,-820308360,32,12844908,1297,102.81,134.1,138.76,-0.03,10.31,-26.25,33.541287,-82.030836,3
335412799,-820308259,32,12939240,1183,101.58,134.14,136.34,-0.01,6.95,-26.25,33.5412799,-82.0308259,3
335412728,-820308153,31,12968278,1286,100.33,134.21,139.95,-0.03,10.27,-26.25,33.5412728,-82.0308153,3
335412657,-820308055,31,13099630,1160,99.13,134.25,136.18,-0.01,5.19,-26.25,33.5412657,-82.0308055,3
335412582,-820307949,32,12901892,1329,97.84,134.3,139.24,-0.03,10.22,-26.25,33.5412582,-82.0307949,3
335412505,-820307845,32,13192816,1271,96.55,134.34,136.76,-0.01,4.83,-26.25,33.5412505,-82.0307845,3
335412426,-820307736,32,13054852,1375,95.22,134.39,140.23,-0.03,9.68,-26.25,33.5412426,-82.0307736,3
335412351,-820307634,32,13146904,1204,93.96,134.43,130.6,0.02,-0.87,-20.3,33.5412351,-82.0307634,3
335412282,-820307543,32,13241398,1111,92.82,134.45,132.79,0.01,0.37,-20.3,33.5412282,-82.0307543,3
335412209,-820307444,32,13099726,1290,91.59,134.49,136.92,-0.01,5.92,-20.3,33.5412209,-82.0307444,3
335412128,-820307340,32,13393084,1332,90.27,134.51,141.75,-0.04,7.82,-20.3,33.5412128,-82.030734,3
335411966,-820307147,31,13341146,1278,87.74,134.49,137.79,-0.02,4.38,-20.3,33.5411966,-82.0307147,3
335411883,-820307043,31,13380652,1352,86.4,134.5,142.53,-0.04,8.72,-20.3,33.5411883,-82.0307043,3
335411723,-820306856,31,13409676,1256,83.92,134.47,138.12,-0.02,4.02,-20.3,33.5411723,-82.0306856,3
335411644,-820306759,32,13393490,1257,82.66,134.47,136.77,-0.01,2.83,-20.3,33.5411644,-82.0306759,3
335411559,-820306658,32,13558830,1364,81.33,134.46,138.84,-0.02,3.25,-20.3,33.5411559,-82.0306658,3
335411477,-820306564,31,13657948,1220,80.07,134.43,132.94,0.01,-3.64,-16.25,33.5411477,-82.0306564,3
335411387,-820306469,32,13917618,1379,78.74,134.35,137.6,-0.02,-1.58,-16.25,33.5411387,-82.0306469,3
335411282,-820306367,32,14162594,1558,77.25,134.23,142.9,-0.05,1.27,-16.25,33.5411282,-82.0306367,3
335411091,-820306183,32,13964008,1330,74.54,133.97,136.48,-0.01,-3.16,-16.25,33.5411091,-82.0306183,3
335410995,-820306087,32,14058232,1414,73.16,133.85,139.62,-0.03,-0.96,-16.25,33.5410995,-82.0306087,3
335410903,-820305992,32,13826434,1320,71.82,133.75,136.09,-0.01,-2.18,-16.25,33.5410903,-82.0305992,3
335410814,-820305890,32,13534840,1390,70.45,133.7,136.51,-0.02,1.16,-16.25,33.5410814,-82.030589,3
335410725,-820305787,32,13614246,1369,69.08,133.65,137.97,-0.02,1.83,-16.25,33.5410725,-82.0305787,3
335410641,-820305688,32,13496790,1281,67.77,133.62,136.38,-0.02,1.41,-16.25,33.5410641,-82.0305688,3
335410555,-820305588,32,13593714,1357,66.44,133.57,138.2,-0.03,2.26,-16.25,33.5410555,-82.0305588,3
335410474,-820305492,32,13461492,1223,65.17,133.54,135.13,-0.01,0.51,-16.61,33.5410474,-82.0305492,3
335410397,-820305393,32,13345000,1225,63.91,133.55,134.78,-0.01,1.33,-16.61,33.5410397,-82.0305393,3
335410319,-820305292,32,13357808,1320,62.64,133.56,135.28,-0.01,1.7,-16.61,33.5410319,-82.0305292,3
335410234,-820305187,32,13485564,1350,61.28,133.55,136.35,-0.02,1.49,-16.61,33.5410234,-82.0305187,3
335410148,-820305084,31,13442536,1357,59.93,133.52,137.76,-0.02,3.33,-16.61,33.5410148,-82.0305084,3
335410068,-820304982,31,13357812,1269,58.63,133.52,136.04,-0.01,2.46,-16.61,33.5410068,-82.0304982,3
335409986,-820304879,32,13381688,1330,57.31,133.52,137.29,-0.02,3.47,-16.61,33.5409986,-82.0304879,3
335409909,-820304779,32,13281468,1240,56.05,133.53,136.84,-0.02,4.02,-16.61,33.5409909,-82.0304779,3
335409826,-820304678,32,13488456,1322,54.73,133.51,138.31,-0.03,3.42,-16.61,33.5409826,-82.0304678,3
335409745,-820304579,32,13365516,1236,53.45,133.49,135.41,-0.01,1.75,-16.61,33.5409745,-82.0304579,3
335409662,-820304479,32,13502508,1339,52.14,133.45,136.09,-0.01,1.06,-16.61,33.5409662,-82.0304479,3
335409575,-820304374,32,13479760,1358,50.77,133.41,134.69,-0.01,-0.11,-14.38,33.5409575,-82.0304374,3
335409487,-820304269,32,13426402,1362,49.39,133.37,135.6,-0.01,1.33,-14.38,33.5409487,-82.0304269,3
335409400,-820304164,32,13418516,1361,48.02,133.32,137,-0.02,2.81,-14.38,33.54094,-82.0304164,3
335409319,-820304064,32,13391974,1257,46.72,133.3,136.36,-0.02,2.44,-14.38,33.5409319,-82.0304064,3
335409234,-820303965,32,13599644,1346,45.41,133.23,137.75,-0.03,1.75,-14.38,33.5409234,-82.0303965,3
335409154,-820303870,32,13441648,1209,44.16,133.17,135.27,-0.01,0.85,-14.38,33.5409154,-82.030387,3
335409074,-820303770,32,13374976,1323,42.87,133.15,136.24,-0.02,2.49,-14.38,33.5409074,-82.030377,3
335408987,-820303666,31,13566108,1364,41.51,133.08,137.04,-0.02,1.37,-14.38,33.5408987,-82.0303666,3
335408903,-820303564,32,13462030,1312,40.18,133.03,134.9,-0.01,0.28,-14.38,33.5408903,-82.0303564,3
335408818,-820303463,32,13517862,1342,38.85,132.95,135.57,-0.01,0.39,-14.38,33.5408818,-82.0303463,3
335408729,-820303361,31,13622390,1382,37.48,132.83,136.46,-0.02,0.23,-13.02,33.5408729,-82.0303361,3
335408642,-820303266,31,13831716,1280,36.18,132.66,135.18,-0.01,-3.14,-13.02,33.5408642,-82.0303266,3
335408552,-820303171,31,13887772,1353,34.85,132.43,134.6,-0.01,-4.28,-13.02,33.5408552,-82.0303171,3
335408458,-820303077,31,13979672,1366,33.5,132.11,135.12,-0.02,-4.68,-13.02,33.5408458,-82.0303077,3
335408363,-820302982,32,14018114,1382,32.14,131.77,135.87,-0.02,-4.31,-13.02,33.5408363,-82.0302982,3
335408272,-820302889,32,13911158,1309,30.83,131.43,133.08,-0.01,-6.03,-13.02,33.5408272,-82.0302889,3
335408180,-820302793,32,13901954,1373,29.48,131.09,132.84,-0.01,-6.18,-13.02,33.540818,-82.0302793,3
335408086,-820302697,31,13938574,1379,28.13,130.67,133.44,-0.02,-5.95,-13.02,33.5408086,-82.0302697,3
335407991,-820302602,31,14021904,1365,26.77,130.19,133.42,-0.02,-6.8,-13.02,33.5407991,-82.0302602,3
335407899,-820302505,32,13762414,1362,25.42,129.73,133.47,-0.02,-4.16,-13.02,33.5407899,-82.0302505,3
335407813,-820302413,32,13772588,1212,24.16,129.28,136.48,-0.04,-1.25,-17.55,33.5407813,-82.0302413,3
335407736,-820302334,30,13854146,1058,23.05,128.78,131.35,-0.01,-7.19,-17.55,33.5407736,-82.0302334,3
335407659,-820302244,31,13280378,1214,21.86,128.4,128.86,0,-3.95,-17.55,33.5407659,-82.0302244,3
335407581,-820302145,31,13128054,1272,20.6,128.1,129.48,-0.01,-1.8,-17.55,33.5407581,-82.0302145,3
335407502,-820302042,31,13188374,1295,19.31,127.8,130.73,-0.02,-1.16,-17.55,33.5407502,-82.0302042,3
335407421,-820301942,31,13273262,1286,18.03,127.34,131.66,-0.02,-1.07,-17.55,33.5407421,-82.0301942,3
335407344,-820301843,31,13256952,1218,16.78,126.91,128.5,-0.01,-4.07,-17.55,33.5407344,-82.0301843,3
335407268,-820301742,31,13178698,1263,15.52,126.5,128.38,-0.01,-3.41,-17.55,33.5407268,-82.0301742,3
335407190,-820301642,31,13190946,1244,14.26,125.91,128.85,-0.02,-3.06,-17.55,33.540719,-82.0301642,3
335407113,-820301544,31,13219580,1229,13.02,125.2,129.37,-0.02,-2.83,-17.55,33.5407113,-82.0301544,3
335407045,-820301452,31,13098018,1078,11.89,124.59,129.28,-0.03,-1.7,-20.53,33.5407045,-82.0301452,3
335406987,-820301371,32,13009486,942,10.91,124.04,126.27,-0.01,-3.83,-20.53,33.5406987,-82.0301371,3
335406925,-820301279,32,12815836,1126,9.82,123.49,125.26,-0.01,-2.9,-20.53,33.5406925,-82.0301279,3
335406860,-820301178,32,12729492,1194,8.64,122.92,125.13,-0.01,-2.17,-20.53,33.540686,-82.0301178,3
335406792,-820301071,32,12770296,1242,7.39,122.18,125.77,-0.02,-1.94,-20.53,33.5406792,-82.0301071,3
335406721,-820300963,31,12870412,1280,6.13,120.91,126.43,-0.03,-2.28,-20.53,33.5406721,-82.0300963,3
335406655,-820300861,32,12774344,1142,4.94,119.24,122.58,-0.02,-5.17,-20.53,33.5406655,-82.0300861,3
335406589,-820300756,31,12668308,1225,3.74,116.71,122.95,-0.03,-3.74,-20.53,33.5406589,-82.0300756,3
335406525,-820300658,32,12884704,1123,2.61,111.72,118.01,-0.03,-10.84,-20.53,33.5406525,-82.0300658,3
335406464,-820300563,32,12659624,1095,1.57,100.58,113.48,-0.07,-13.12,-20.53,33.5406464,-82.0300563,3
335406346,-820300381,30,12631626,994,106.13,134.05,102.63,0.17,-23.69,-25.29,33.5406346,-82.0300381,4
335406178,-820300147,32,13726428,1035,103.28,134.14,136.19,-0.01,-1.07,-25.29,33.5406178,-82.0300147,4
335406101,-820300060,31,13572636,1262,102.1,134.11,138.72,-0.03,2.99,-25.29,33.5406101,-82.030006,4
335406025,-820299970,32,13524082,1165,100.91,134.09,136.3,-0.01,1.06,-25.29,33.5406025,-82.029997,4
335405945,-820299876,31,13504882,1292,99.67,134.07,136.93,-0.02,1.88,-25.29,33.5405945,-82.0299876,4
335405862,-820299775,31,13337734,1333,98.35,134.07,137.87,-0.02,4.49,-25.29,33.5405862,-82.0299775,4
335405783,-820299681,31,13502728,1195,97.12,134.05,136.8,-0.02,1.77,-25.29,33.5405783,-82.0299681,4
335405702,-820299584,31,13364920,1327,95.84,134.04,137.58,-0.02,3.93,-25.29,33.5405702,-82.0299584,4
335405615,-820299481,30,13515566,1381,94.48,134.02,139.56,-0.03,4.4,-26.3,33.5405615,-82.0299481,4
335405534,-820299386,31,13394956,1203,93.23,134,135.46,-0.01,1.51,-26.3,33.5405534,-82.0299386,4
335405453,-820299287,32,13353360,1323,91.94,133.99,135.4,-0.01,1.86,-26.3,33.5405453,-82.0299287,4
335405366,-820299182,31,13415448,1369,90.57,133.98,135.32,-0.01,1.16,-26.3,33.5405366,-82.0299182,4
335405279,-820299075,32,13323490,1391,89.18,133.97,135.13,-0.01,1.89,-26.3,33.5405279,-82.0299075,4
335405192,-820298967,32,13333278,1390,87.79,133.97,136.08,-0.01,2.75,-26.3,33.5405192,-82.0298967,4
335405106,-820298859,31,13295120,1372,86.4,133.98,136.99,-0.02,4.04,-26.3,33.5405106,-82.0298859,4
335405019,-820298754,31,13458490,1374,85.03,133.96,137.03,-0.02,2.44,-26.3,33.5405019,-82.0298754,4
335404931,-820298651,31,13466800,1348,83.66,133.93,136.68,-0.02,2.01,-26.3,33.5404931,-82.0298651,4
335404845,-820298548,31,13397860,1350,82.31,133.92,136.06,-0.01,2.08,-26.3,33.5404845,-82.0298548,4
335404760,-820298444,31,13349430,1343,80.96,133.91,135.91,-0.01,2.41,-26.3,33.540476,-82.0298444,4
335404677,-820298337,31,13268540,1358,79.61,133.92,133.66,0,0.98,-23.88,33.5404677,-82.0298337,4
335404595,-820298230,31,13253938,1349,78.26,133.95,132.32,0.01,-0.22,-23.88,33.5404595,-82.029823,4
335404515,-820298123,32,13131898,1328,76.93,133.98,131.44,0.01,0.12,-23.88,33.5404515,-82.0298123,4
335404437,-820298012,32,12948132,1356,75.59,134.05,131.77,0.01,2.29,-23.88,33.5404437,-82.0298012,4
335404358,-820297898,32,12981150,1379,74.22,134.13,131.76,0.01,1.95,-23.88,33.5404358,-82.0297898,4
335404278,-820297786,32,13062902,1367,72.85,134.2,131.15,0.02,0.52,-23.88,33.5404278,-82.0297786,4
335404200,-820297674,31,12961926,1338,71.5,134.28,130.35,0.02,0.73,-23.88,33.54042,-82.0297674,4
335404126,-820297568,32,12938000,1265,70.22,134.36,131.48,0.02,2.1,-23.88,33.5404126,-82.0297568,4
335404051,-820297459,32,12961350,1323,68.92,134.45,131.93,0.01,2.32,-23.88,33.5404051,-82.0297459,4
335403974,-820297351,32,13020130,1317,67.6,134.52,132.65,0.01,2.45,-23.88,33.5403974,-82.0297351,4
335403897,-820297242,32,13082020,1329,66.28,134.61,131.74,0.02,0.92,-22.56,33.5403897,-82.0297242,4
335403818,-820297135,32,13143492,1327,64.96,134.67,131.84,0.02,0.4,-22.56,33.5403818,-82.0297135,4
335403740,-820297028,31,13041764,1313,63.64,134.74,132.06,0.01,1.64,-22.56,33.540374,-82.0297028,4
335403664,-820296921,32,13023686,1299,62.34,134.83,133.12,0.01,2.88,-22.56,33.5403664,-82.0296921,4
335403587,-820296815,32,13132832,1303,61.04,134.91,133.5,0.01,2.17,-22.56,33.5403587,-82.0296815,4
335403508,-820296710,31,13200834,1312,59.73,134.98,133.25,0.01,1.24,-22.56,33.5403508,-82.029671,4
335403428,-820296606,32,13291020,1316,58.42,135.03,133.1,0.01,0.19,-22.56,33.5403428,-82.0296606,4
335403348,-820296508,32,13402390,1300,57.15,135.04,132.86,0.01,-1.17,-22.56,33.5403348,-82.0296508,4
335403267,-820296405,31,13123550,1342,55.84,135.08,132.89,0.01,1.65,-22.56,33.5403267,-82.0296405,4
335403188,-820296301,32,13216898,1286,54.54,135.15,133.93,0.01,1.76,-22.56,33.5403188,-82.0296301,4
335403108,-820296199,31,13373478,1283,53.24,135.19,134.32,0,0.58,-22.56,33.5403108,-82.0296199,4
335403028,-820296100,30,13339594,1272,51.96,135.22,133.7,0.01,0.31,-21.44,33.5403028,-82.02961,4
335402947,-820296000,31,13284632,1264,50.67,135.25,132.99,0.01,0.15,-21.44,33.5402947,-82.0296,4
335402868,-820295898,31,13217476,1280,49.38,135.31,131.22,0.02,-0.95,-21.44,33.5402868,-82.0295898,4
335402793,-820295798,31,13320714,1199,48.13,135.39,132.67,0.02,-0.53,-21.44,33.5402793,-82.0295798,4
335402718,-820295698,31,13109428,1277,46.89,135.48,131.9,0.02,0.81,-21.44,33.5402718,-82.0295698,4
335402641,-820295591,31,13092440,1314,45.58,135.62,132.11,0.02,1.19,-21.44,33.5402641,-82.0295591,4
335402562,-820295483,31,13112518,1337,44.25,135.75,133,0.02,1.88,-21.44,33.5402562,-82.0295483,4
335402482,-820295375,31,13168332,1340,42.92,135.88,132.53,0.02,0.85,-21.44,33.5402482,-82.0295375,4
335402401,-820295267,31,13204930,1329,41.58,136,130.86,0.03,-1.19,-21.44,33.5402401,-82.0295267,4
335402326,-820295168,31,13309738,1196,40.34,136.12,134.21,0.01,1.12,-21.44,33.5402326,-82.0295168,4
335402250,-820295066,31,13164622,1294,39.07,136.26,133.92,0.01,2.27,-21.08,33.540225,-82.0295066,4
335402171,-820294960,31,13252868,1316,37.76,136.41,133.4,0.02,0.87,-21.08,33.5402171,-82.029496,4
335402091,-820294853,32,13238362,1326,36.43,136.58,132.94,0.02,0.56,-21.08,33.5402091,-82.0294853,4
335402013,-820294752,32,13388468,1245,35.16,136.72,133.27,0.02,-0.61,-21.08,33.5402013,-82.0294752,4
335401934,-820294650,32,13294688,1291,33.87,136.86,132.53,0.02,-0.42,-21.08,33.5401934,-82.029465,4
335401856,-820294556,31,13543656,1183,32.64,136.94,134.48,0.01,-0.96,-21.08,33.5401856,-82.0294556,4
335401775,-820294460,31,13516222,1275,31.37,137,134.11,0.02,-1.05,-21.08,33.5401775,-82.029446,4
335401692,-820294361,31,13529328,1289,30.07,137.08,134,0.02,-1.29,-21.08,33.5401692,-82.0294361,4
335401609,-820294260,31,13427910,1294,28.76,137.19,133.38,0.02,-0.9,-21.08,33.5401609,-82.029426,4
335401530,-820294162,31,13486002,1241,27.5,137.34,134.15,0.02,-0.71,-21.08,33.540153,-82.0294162,4
335401448,-820294063,31,13466306,1295,26.2,137.46,134.11,0.02,-0.55,-21.08,33.5401448,-82.0294063,4
335401364,-820293964,31,13562204,1306,24.9,137.57,134.15,0.02,-1.47,-21.33,33.5401364,-82.0293964,4
335401280,-820293864,32,13511442,1318,23.58,137.7,134.77,0.02,-0.34,-21.33,33.540128,-82.0293864,4
335401196,-820293763,31,13501420,1306,22.26,137.86,135.25,0.01,0.24,-21.33,33.5401196,-82.0293763,4
335401111,-820293662,32,13540626,1332,20.93,138.02,134.79,0.02,-0.61,-21.33,33.5401111,-82.0293662,4
335401025,-820293562,32,13554956,1330,19.6,138.17,135.04,0.02,-0.51,-21.33,33.5401025,-82.0293562,4
335400939,-820293460,32,13535136,1349,18.26,138.38,135.31,0.02,-0.04,-21.33,33.5400939,-82.029346,4
335400851,-820293354,32,13488226,1379,16.87,138.67,135.17,0.02,0.29,-21.33,33.5400851,-82.0293354,4
335400763,-820293247,32,13504710,1393,15.48,139.03,135.19,0.02,0.15,-21.33,33.5400763,-82.0293247,4
335400679,-820293142,32,13352890,1321,14.14,139.53,136.61,0.02,3.09,-21.33,33.5400679,-82.0293142,4
335400592,-820293036,32,13515404,1386,12.77,140.06,137.53,0.01,2.38,-21.33,33.5400592,-82.0293036,4
335400504,-820292930,32,13504140,1402,11.39,140.69,138.15,0.01,3.1,-21.02,33.5400504,-82.029293,4
335400413,-820292826,32,13664532,1370,9.99,141.29,138.88,0.01,2.23,-21.02,33.5400413,-82.0292826,4
335400323,-820292724,32,13607254,1373,8.62,142.04,139.75,0.01,3.67,-21.02,33.5400323,-82.0292724,4
335400232,-820292622,32,13690312,1385,7.24,143.01,140.4,0.01,3.49,-21.02,33.5400232,-82.0292622,4
335400139,-820292520,32,13722278,1391,5.85,144.31,141.91,0.01,4.68,-21.02,33.5400139,-82.029252,4
335400046,-820292420,31,13783520,1385,4.47,146.23,143.92,0.01,6.08,-21.02,33.5400046,-82.029242,4
335399952,-820292321,31,13896990,1375,3.1,149.59,145.72,0.02,6.75,-21.02,33.5399952,-82.0292321,4
335399859,-820292233,32,14193988,1284,1.8,155.33,147.41,0.04,5.47,-21.02,33.5399859,-82.0292233,4
335399773,-820292151,32,14206172,1196,68.07,145.16,150.35,-0.03,8.29,-16.58,33.5399773,-82.0292151,5
335399606,-820292011,32,14410974,1218,65.8,145.17,145.84,0,1.73,-16.58,33.5399606,-82.0292011,5
335399514,-820291928,32,14336384,1313,64.52,145.21,147.65,-0.01,4.29,-16.58,33.5399514,-82.0291928,5
335399418,-820291846,32,14474816,1329,63.21,145.22,149.97,-0.03,5.22,-16.58,33.5399418,-82.0291846,5
335399328,-820291768,32,14444706,1193,61.98,145.24,147.15,-0.01,2.7,-16.58,33.5399328,-82.0291768,5
335399236,-820291689,32,14402284,1289,60.72,145.26,148.96,-0.02,4.94,-16.58,33.5399236,-82.0291689,5
335399146,-820291611,32,14430982,1208,59.48,145.29,147.16,-0.01,2.85,-16.58,33.5399146,-82.0291611,5
335399053,-820291536,31,14608086,1257,58.24,145.27,149.03,-0.02,2.95,-16.58,33.5399053,-82.0291536,5
335398967,-820291466,31,14591762,1084,57.08,145.26,148.21,-0.02,2.29,-16.58,33.5398967,-82.0291466,5
335398879,-820291397,31,14678526,1190,55.91,145.22,152.98,-0.04,6.2,-16.58,33.5398879,-82.0291397,5
335398791,-820291338,31,15137548,1074,54.8,145.11,143.28,0.01,-8.09,-12.43,33.5398791,-82.0291338,5
335398708,-820291275,31,14552786,1084,53.71,145.06,140.43,0.03,-5.09,-12.43,33.5398708,-82.0291275,5
335398624,-820291209,31,14654404,1119,52.59,145.02,144.45,0,-2.09,-12.43,33.5398624,-82.0291209,5
335398531,-820291141,30,14840968,1222,51.38,144.93,147.85,-0.02,-0.55,-12.43,33.5398531,-82.0291141,5
335398434,-820291073,31,14981348,1236,50.13,144.82,150.51,-0.03,0.7,-12.43,33.5398434,-82.0291073,5
335398343,-820291011,31,14949836,1104,48.98,144.68,146.11,-0.01,-3.38,-12.43,33.5398343,-82.0291011,5
335398251,-820290948,31,14909688,1186,47.8,144.55,145.25,0,-3.84,-12.43,33.5398251,-82.0290948,5
335398157,-820290878,31,14743088,1228,46.58,144.45,145.82,-0.01,-1.61,-12.43,33.5398157,-82.0290878,5
335398062,-820290806,31,14858994,1238,45.33,144.36,147.36,-0.02,-1.22,-12.43,33.5398062,-82.0290806,5
335397965,-820290735,32,14873230,1260,44.07,144.24,148.85,-0.03,0.12,-12.43,33.5397965,-82.0290735,5
335397873,-820290667,31,14741672,1162,42.87,144.12,146.05,-0.01,-1.36,-12.43,33.5397873,-82.0290667,5
335397776,-820290599,32,14947932,1262,41.63,143.96,148.47,-0.03,-1.01,-14.84,33.5397776,-82.0290599,5
335397681,-820290527,32,14691456,1232,40.38,143.84,145.19,-0.01,-1.73,-14.84,33.5397681,-82.0290527,5
335397584,-820290450,31,14710624,1298,39.09,143.75,145.94,-0.01,-1.17,-14.84,33.5397584,-82.029045,5
335397484,-820290373,32,14749602,1318,37.77,143.63,148.07,-0.02,0.57,-14.84,33.5397484,-82.0290373,5
335397390,-820290299,31,14677552,1209,36.52,143.52,146.47,-0.02,-0.31,-14.84,33.539739,-82.0290299,5
335397291,-820290225,32,14901388,1317,35.23,143.35,148.61,-0.03,-0.41,-14.84,33.5397291,-82.0290225,5
335397195,-820290153,32,14759468,1230,33.97,143.18,145.03,-0.01,-2.57,-14.84,33.5397195,-82.0290153,5
335397097,-820290075,32,14627058,1325,32.67,143.05,146.14,-0.02,-0.13,-14.84,33.5397097,-82.0290075,5
335396994,-820289997,32,14733954,1338,31.32,142.85,148.27,-0.03,0.93,-14.84,33.5396994,-82.0289997,5
335396903,-820289923,32,14477832,1168,30.09,142.72,145.05,-0.01,0.27,-14.84,33.5396903,-82.0289923,5
335396811,-820289848,32,14553052,1260,28.86,142.59,147.11,-0.03,1.58,-15.39,33.5396811,-82.0289848,5
335396720,-820289777,32,14616896,1162,27.66,142.4,145.59,-0.02,-0.58,-15.39,33.539672,-82.0289777,5
335396626,-820289706,31,14747818,1270,26.43,142.15,148.18,-0.03,0.7,-15.39,33.5396626,-82.0289706,5
335396535,-820289638,31,14721796,1140,25.24,141.87,144.22,-0.01,-3,-15.39,33.5396535,-82.0289638,5
335396444,-820289566,30,14631522,1246,24.03,141.63,145.76,-0.02,-0.55,-15.39,33.5396444,-82.0289566,5
335396357,-820289496,31,14577572,1136,22.87,141.4,144.08,-0.01,-1.69,-15.39,33.5396357,-82.0289496,5
335396265,-820289425,31,14722244,1251,21.66,141.07,145.72,-0.03,-1.5,-15.39,33.5396265,-82.0289425,5
335396176,-820289355,30,14650022,1166,20.48,140.75,143.13,-0.01,-3.37,-15.39,33.5396176,-82.0289355,5
335396085,-820289282,30,14586126,1249,19.27,140.4,143.87,-0.02,-1.99,-15.39,33.5396085,-82.0289282,5
335395991,-820289206,31,14581388,1258,18.02,140.01,144.47,-0.02,-1.34,-15.39,33.5395991,-82.0289206,5
335395905,-820289133,31,14454328,1119,16.85,139.68,141.83,-0.01,-2.72,-16.57,33.5395905,-82.0289133,5
335395825,-820289059,31,14113326,1119,15.73,139.49,141.73,-0.01,0.59,-16.57,33.5395825,-82.0289059,5
335395741,-820288979,30,14230942,1228,14.54,139.32,143.7,-0.02,1.39,-16.57,33.5395741,-82.0288979,5
335395656,-820288903,31,14407464,1173,13.36,138.97,141.01,-0.01,-3.07,-16.57,33.5395656,-82.0288903,5
335395566,-820288824,31,14378076,1263,12.12,138.47,141.23,-0.02,-2.56,-16.57,33.5395566,-82.0288824,5
335395474,-820288743,31,14355466,1276,10.86,137.86,141.92,-0.02,-1.64,-16.57,33.5395474,-82.0288743,5
335395388,-820288667,31,14418958,1143,9.68,137.15,141.41,-0.02,-2.78,-16.57,33.5395388,-82.0288667,5
335395306,-820288594,31,14466002,1140,8.55,136.32,138.99,-0.01,-5.67,-16.57,33.5395306,-82.0288594,5
335395218,-820288515,31,14391260,1245,7.34,135.18,140.23,-0.03,-3.69,-16.57,33.5395218,-82.0288515,5
335395135,-820288438,31,14260856,1131,6.18,133.84,137.28,-0.02,-5.33,-16.57,33.5395135,-82.0288438,5
335395049,-820288358,31,14245598,1248,4.99,131.82,139.76,-0.04,-2.7,-16.57,33.5395049,-82.0288358,5
335394963,-820288285,31,14501202,1130,3.85,127.92,136.38,-0.05,-8.63,-19.13,33.5394963,-82.0288285,5
335394885,-820288217,31,14336602,1042,2.84,121.92,128.67,-0.04,-14.7,-19.13,33.5394885,-82.0288217,5
335394815,-820288147,31,13876858,1000,1.9,112.32,122.33,-0.06,-16.44,-19.13,33.5394815,-82.0288147,5
335394747,-820288074,31,13747538,1031,67.06,140.77,126.09,0.08,-11.39,-32.39,33.5394747,-82.0288074,6
335394620,-820287934,31,14087100,981,65.14,140.86,142.07,-0.01,1.2,-32.39,33.539462,-82.0287934,6
335394543,-820287858,31,14025538,1166,64.04,140.87,145.98,-0.03,5.72,-32.39,33.5394543,-82.0287858,6
335394464,-820287784,31,14204322,1091,62.92,140.85,142.45,-0.01,0.4,-32.39,33.5394464,-82.0287784,6
335394382,-820287708,30,14239156,1170,61.77,140.82,145.52,-0.03,3.13,-32.39,33.5394382,-82.0287708,6
335394304,-820287643,31,14647174,1020,60.72,140.75,143.09,-0.01,-3.39,-32.39,33.5394304,-82.0287643,6
335394223,-820287572,30,14257236,1147,59.6,140.69,145.63,-0.03,3.05,-32.39,33.5394223,-82.0287572,6
335394149,-820287507,31,14369662,961,58.58,140.63,142.35,-0.01,-1.35,-32.39,33.5394149,-82.0287507,6
335394076,-820287433,31,13811698,1116,57.52,140.65,141.94,-0.01,3.82,-32.39,33.5394076,-82.0287433,6
335393994,-820287348,31,13716920,1236,56.32,140.68,143.24,-0.01,6.07,-32.39,33.5393994,-82.0287348,6
335393902,-820287259,31,13876630,1279,55,140.67,143.9,-0.02,5.14,-31.65,33.5393902,-82.0287259,6
335393806,-820287170,30,14061036,1333,53.65,140.63,145.76,-0.03,5.15,-31.65,33.5393806,-82.028717,6
335393714,-820287086,31,14090804,1228,52.37,140.58,142.22,-0.01,1.31,-31.65,33.5393714,-82.0287086,6
335393619,-820286998,31,13996858,1340,51.03,140.53,143.18,-0.01,3.21,-31.65,33.5393619,-82.0286998,6
335393523,-820286907,31,14025124,1346,49.67,140.5,144.14,-0.02,3.89,-31.65,33.5393523,-82.0286907,6
335393430,-820286815,31,13982978,1292,48.33,140.5,143.83,-0.02,4,-31.65,33.539343,-82.0286815,6
335393335,-820286721,32,14013678,1359,46.96,140.5,145.5,-0.03,5.37,-31.65,33.5393335,-82.0286721,6
335393245,-820286632,31,13911456,1244,45.66,140.5,142.14,-0.01,3.03,-31.65,33.5393245,-82.0286632,6
335393156,-820286538,31,13798056,1328,44.35,140.56,143.63,-0.02,5.65,-31.65,33.5393156,-82.0286538,6
335393063,-820286444,31,14021582,1343,42.99,140.58,145.04,-0.02,4.83,-31.65,33.5393063,-82.0286444,6
335392977,-820286359,30,14059466,1175,41.75,140.58,137.47,0.02,-3.12,-27.49,33.5392977,-82.0286359,6
335392896,-820286279,31,14030962,1161,40.59,140.58,136.73,0.02,-3.58,-27.49,33.5392896,-82.0286279,6
335392814,-820286196,30,13948234,1191,39.39,140.6,138.2,0.01,-1.28,-27.49,33.5392814,-82.0286196,6
335392728,-820286104,31,13797688,1292,38.11,140.68,139.25,0.01,1.28,-27.49,33.5392728,-82.0286104,6
335392637,-820286010,31,13965976,1335,36.78,140.73,139.78,0.01,0.12,-27.49,33.5392637,-82.028601,6
335392544,-820285914,31,13923472,1347,35.41,140.79,139.88,0.01,0.65,-27.49,33.5392544,-82.0285914,6
335392450,-820285818,29,13946054,1361,34.04,140.84,139.79,0.01,0.33,-27.49,33.539245,-82.0285818,6
335392358,-820285722,30,13918574,1337,32.69,140.91,139.42,0.01,0.24,-27.49,33.5392358,-82.0285722,6
335392265,-820285628,30,13999328,1342,31.33,140.96,139.83,0.01,-0.16,-27.49,33.5392265,-82.0285628,6
335392174,-820285533,31,13844330,1336,29.99,141.05,140.61,0,2.17,-27.49,33.5392174,-82.0285533,6
335392081,-820285438,31,14005684,1344,28.64,141.11,140.35,0,0.3,-27.49,33.5392081,-82.0285438,6
335391988,-820285345,29,13972490,1341,27.29,141.16,139.48,0.01,-0.24,-27.77,33.5391988,-82.0285345,6
335391898,-820285249,30,13781916,1333,25.95,141.3,138.9,0.01,1.08,-27.77,33.5391898,-82.0285249,6
335391810,-820285152,31,13764794,1321,24.62,141.51,139.27,0.01,1.62,-27.77,33.539181,-82.0285152,6
335391722,-820285054,31,13709606,1335,23.29,141.77,140.06,0.01,2.96,-27.77,33.5391722,-82.0285054,6
335391633,-820284955,31,13759032,1347,21.95,142.05,141.1,0.01,3.51,-27.77,33.5391633,-82.0284955,6
335391544,-820284857,31,13733370,1341,20.61,142.35,142.81,0,5.48,-27.77,33.5391544,-82.0284857,6
335391455,-820284759,31,13747424,1342,19.27,142.69,145.04,-0.01,7.57,-27.77,33.5391455,-82.0284759,6
335391364,-820284667,31,14045358,1321,17.95,142.89,147.63,-0.03,7.18,-27.77,33.5391364,-82.0284667,6
335391275,-820284580,31,14322712,1229,16.67,143.05,144.09,-0.01,0.86,-27.77,33.5391275,-82.028458,6
335391182,-820284493,31,14124524,1332,15.36,143.14,144.73,-0.01,3.49,-27.77,33.5391182,-82.0284493,6
335391089,-820284403,31,14136598,1330,14.03,143.33,146.25,-0.02,4.88,-27.77,33.5391089,-82.0284403,6
335390993,-820284315,31,14297068,1331,12.69,143.41,144.4,-0.01,1.43,-24.28,33.5390993,-82.0284315,6
335390895,-820284226,31,14282696,1349,11.32,143.47,145.82,-0.01,2.99,-24.28,33.5390895,-82.0284226,6
335390797,-820284140,30,14393790,1339,9.97,143.42,147.7,-0.02,3.76,-24.28,33.5390797,-82.028414,6
335390707,-820284061,31,14356734,1184,8.73,143.37,145.5,-0.01,1.93,-24.28,33.5390707,-82.0284061,6
335390619,-820283987,31,14493350,1187,7.54,143.11,148.51,-0.03,3.58,-24.28,33.5390619,-82.0283987,6
335390538,-820283918,31,14352352,1070,6.43,142.85,144.59,-0.01,1.07,-24.28,33.5390538,-82.0283918,6
335390453,-820283842,31,14224472,1207,5.25,142.75,144.99,-0.01,2.75,-24.28,33.5390453,-82.0283842,6
335390363,-820283762,31,14299170,1256,4.01,142.53,146.83,-0.02,3.84,-24.28,33.5390363,-82.0283762,6
335390277,-820283683,31,14180034,1156,2.8,142.52,144.39,-0.01,2.59,-24.28,33.5390277,-82.0283683,6
335390190,-820283602,30,14124308,1236,1.58,142.77,146.83,-0.02,5.59,-24.28,33.539019,-82.0283602,6
335390106,-820283526,31,14212446,1119,60.28,138.83,141.18,-0.01,-0.95,-21.33,33.5390106,-82.0283526,7
335390025,-820283449,31,14029634,1153,59.13,138.78,140.67,-0.01,0.37,-21.33,33.5390025,-82.0283449,7
335389939,-820283364,31,14054756,1272,57.89,138.74,141.5,-0.02,0.95,-21.33,33.5389939,-82.0283364,7
335389846,-820283275,31,14089034,1328,56.57,138.68,142.36,-0.02,1.47,-21.33,33.5389846,-82.0283275,7
335389759,-820283187,31,13918386,1240,55.31,138.65,141.47,-0.02,2.28,-21.33,33.5389759,-82.0283187,7
335389670,-820283097,30,13890592,1312,54.01,138.62,142.36,-0.02,3.45,-21.33,33.538967,-82.0283097,7
335389581,-820283007,31,13850790,1261,52.72,138.59,140.72,-0.01,2.21,-21.33,33.5389581,-82.0283007,7
335389491,-820282920,30,13994960,1287,51.43,138.53,141.96,-0.02,2.01,-21.33,33.5389491,-82.028292,7
335389400,-820282833,30,14022194,1298,50.14,138.45,144.68,-0.03,4.46,-21.33,33.53894,-82.0282833,7
335389315,-820282754,30,14073414,1141,48.95,138.36,139.57,-0.01,-1.17,-21.33,33.5389315,-82.0282754,7
335389232,-820282672,30,13854858,1245,47.75,138.31,138.56,0,0.01,-21.33,33.5389232,-82.0282672,7
335389145,-820282584,31,13870076,1263,46.49,138.27,138.57,0,-0.14,-19.96,33.5389145,-82.0282584,7
335389057,-820282499,31,14008054,1273,45.23,138.19,140.19,-0.01,0.11,-19.96,33.5389057,-82.0282499,7
335388966,-820282414,30,14154816,1293,43.95,138.07,141.67,-0.02,0.12,-19.96,33.5388966,-82.0282414,7
335388873,-820282329,31,14202220,1314,42.66,137.93,142.96,-0.03,0.93,-19.96,33.5388873,-82.0282329,7
335388787,-820282249,31,14095950,1192,41.45,137.81,139.76,-0.01,-1.2,-19.96,33.5388787,-82.0282249,7
335388698,-820282164,31,14023792,1289,40.19,137.69,140.47,-0.02,0.23,-19.96,33.5388698,-82.0282164,7
335388606,-820282075,30,14104418,1302,38.88,137.57,142.19,-0.03,1.14,-19.96,33.5388606,-82.0282075,7
335388518,-820281992,31,14221580,1181,37.63,137.43,139.76,-0.01,-2.46,-19.96,33.5388518,-82.0281992,7
335388428,-820281910,31,14318000,1276,36.38,137.25,142.71,-0.03,-0.47,-19.96,33.5388428,-82.028191,7
335388340,-820281832,30,14365780,1170,35.17,137.03,139.45,-0.01,-4.21,-19.96,33.538834,-82.0281832,7
335388254,-820281751,31,14158640,1213,33.96,136.86,143.27,-0.04,1.69,-20.55,33.5388254,-82.0281751,7
335388089,-820281610,31,14247174,1121,31.73,136.31,139.92,-0.02,-2.55,-20.55,33.5388089,-82.028161,7
335388015,-820281542,31,14180178,955,30.7,136.1,139.24,-0.02,-2.56,-20.55,33.5388015,-82.0281542,7
335387938,-820281468,31,14108368,1140,29.61,135.91,142.68,-0.04,1.6,-20.55,33.5387938,-82.0281468,7
335387861,-820281393,31,13959438,1046,28.51,135.72,138.03,-0.01,-1.56,-20.55,33.5387861,-82.0281393,7
335387783,-820281314,31,13897534,1151,27.38,135.55,137.95,-0.01,-1.02,-20.55,33.5387783,-82.0281314,7
335387700,-820281228,30,13901446,1234,26.16,135.38,139.26,-0.02,0.25,-20.55,33.53877,-82.0281228,7
335387618,-820281146,31,13894690,1148,24.98,135.15,137.93,-0.02,-1.02,-20.55,33.5387618,-82.0281146,7
335387535,-820281063,31,13917786,1224,23.78,134.9,139.37,-0.02,0.19,-20.55,33.5387535,-82.0281063,7
335387457,-820280984,31,13805298,1083,22.65,134.65,136.61,-0.01,-1.45,-21.11,33.5387457,-82.0280984,7
335387382,-820280909,31,13793514,1087,21.57,134.37,136.4,-0.01,-1.54,-21.11,33.5387382,-82.0280909,7
335387303,-820280827,31,13784542,1198,20.41,134.1,137.42,-0.02,-0.43,-21.11,33.5387303,-82.0280827,7
335387221,-820280742,30,13850296,1237,19.21,133.78,138.78,-0.03,0.27,-21.11,33.5387221,-82.0280742,7
335387143,-820280660,30,13761158,1124,18.06,133.46,135.35,-0.01,-2.27,-21.11,33.5387143,-82.028066,7
335387062,-820280573,31,13727796,1243,16.86,133.13,135.64,-0.01,-1.64,-21.11,33.5387062,-82.0280573,7
335386977,-820280484,31,13768272,1265,15.61,132.66,135.83,-0.02,-1.86,-21.11,33.5386977,-82.0280484,7
335386890,-820280393,30,13817060,1289,14.33,132.1,136.05,-0.02,-2.12,-21.11,33.538689,-82.0280393,7
335386806,-820280301,30,13566682,1264,13.07,131.57,134.13,-0.01,-1.54,-21.11,33.5386806,-82.0280301,7
335386721,-820280205,31,13643748,1308,11.78,131.01,133.9,-0.02,-2.54,-21.11,33.5386721,-82.0280205,7
335386636,-820280109,31,13609512,1314,10.49,130.3,133.23,-0.02,-2.87,-21.11,33.5386636,-82.0280109,7
335386550,-820280012,31,13641268,1316,9.19,129.38,134.97,-0.03,-1.44,-22.74,33.538655,-82.0280012,7
335386471,-820279921,31,13502662,1181,7.98,128.34,130.88,-0.01,-4.15,-22.74,33.5386471,-82.0279921,7
335386393,-820279823,31,13332320,1301,6.73,127.35,130.16,-0.02,-3.16,-22.74,33.5386393,-82.0279823,7
335386312,-820279723,31,13357264,1301,5.45,125.73,130.1,-0.02,-3.47,-22.74,33.5386312,-82.0279723,7
335386236,-820279626,31,13267214,1204,4.23,123.54,127.7,-0.02,-4.97,-22.74,33.5386236,-82.0279626,7
335386164,-820279528,31,13060252,1188,3.03,120.42,125.98,-0.03,-4.62,-22.74,33.5386164,-82.0279528,7
335386096,-820279430,31,12963076,1145,1.88,114.53,121.35,-0.04,-8.28,-22.74,33.5386096,-82.027943,7
335386032,-820279336,31,12901702,1098,90.65,140.93,119.67,0.12,-9.35,-27.04,33.5386032,-82.0279336,8
335385920,-820279164,31,13274164,979,88.68,141.22,140.42,0,7.68,-27.04,33.538592,-82.0279164,8
335385844,-820279081,31,13995612,1192,87.54,141.26,144.33,-0.02,4.37,-27.04,33.5385844,-82.0279081,8
335385759,-820278990,31,13825230,1288,86.27,141.31,146.24,-0.03,7.99,-27.04,33.5385759,-82.027899,8
335385677,-820278901,31,13813044,1177,85.04,141.36,143.11,-0.01,4.98,-27.04,33.5385677,-82.0278901,8
335385594,-820278810,30,13710808,1255,83.79,141.42,143.2,-0.01,6.09,-27.04,33.5385594,-82.027881,8
335385510,-820278713,30,13530912,1294,82.5,141.5,143.78,-0.01,8.47,-27.04,33.538551,-82.0278713,8
335385425,-820278615,30,13644916,1298,81.2,141.59,144.92,-0.02,8.47,-27.04,33.5385425,-82.0278615,8
335385340,-820278514,30,13445968,1322,79.88,141.69,145.91,-0.02,11.45,-27.04,33.538534,-82.0278514,8
335385259,-820278416,30,13407852,1239,78.61,141.8,142.74,-0.01,8.66,-27.04,33.5385259,-82.0278416,8
335385176,-820278318,30,13548542,1297,77.32,141.91,136.54,0.03,1.06,-21.14,33.5385176,-82.0278318,8
335385097,-820278227,30,13531260,1173,76.11,142,140.3,0.01,4.99,-21.14,33.5385097,-82.0278227,8
335385014,-820278134,30,13714106,1276,74.85,142.09,141.3,0,4.16,-21.14,33.5385014,-82.0278134,8
335384925,-820278042,31,13967898,1320,73.54,142.14,141,0.01,1.32,-21.14,33.5384925,-82.0278042,8
335384835,-820277947,31,13789068,1318,72.21,142.2,140.56,0.01,2.67,-21.14,33.5384835,-82.0277947,8
335384749,-820277849,31,13517400,1291,70.9,142.31,141.55,0,6.38,-21.14,33.5384749,-82.0277849,8
335384661,-820277754,31,13875072,1332,69.59,142.39,142.45,0,3.7,-21.14,33.5384661,-82.0277754,8
335384571,-820277662,30,13933490,1319,68.27,142.44,143,0,3.67,-21.14,33.5384571,-82.0277662,8
335384480,-820277573,31,14108802,1304,66.97,142.47,143.23,0,2.14,-21.14,33.538448,-82.0277573,8
335384389,-820277487,31,14111422,1289,65.68,142.49,143.6,-0.01,2.49,-21.14,33.5384389,-82.0277487,8
335384298,-820277399,31,14079908,1309,64.38,142.51,144.1,-0.01,3.3,-21.14,33.5384298,-82.0277399,8
335384206,-820277309,31,14148242,1303,63.06,142.55,141.52,0.01,0.04,-17.88,33.5384206,-82.0277309,8
335384114,-820277222,31,14275580,1302,61.76,142.57,142.58,0,-0.18,-17.88,33.5384114,-82.0277222,8
335384020,-820277138,31,14348240,1300,60.45,142.55,142.79,0,-0.69,-17.88,33.538402,-82.0277138,8
335383928,-820277053,31,14293952,1301,59.16,142.55,143.06,0,0.12,-17.88,33.5383928,-82.0277053,8
335383834,-820276968,31,14355232,1296,57.85,142.54,143.88,-0.01,0.33,-17.88,33.5383834,-82.0276968,8
335383741,-820276886,31,14462888,1279,56.57,142.52,144.86,-0.01,0.23,-17.88,33.5383741,-82.0276886,8
335383650,-820276805,31,14431268,1258,55.31,142.5,145.1,-0.01,0.79,-17.88,33.538365,-82.0276805,8
335383559,-820276725,31,14502480,1273,54.06,142.47,144.82,-0.01,-0.2,-17.88,33.5383559,-82.0276725,8
335383468,-820276643,31,14419006,1261,52.79,142.45,144.39,-0.01,0.2,-17.88,33.5383468,-82.0276643,8
335383378,-820276561,31,14393816,1272,51.53,142.45,145.03,-0.01,1.09,-17.88,33.5383378,-82.0276561,8
335383287,-820276479,31,14482658,1264,50.27,142.43,145.48,-0.02,0.65,-17.88,33.5383287,-82.0276479,8
335383195,-820276401,31,14625440,1267,49.01,142.37,144.76,-0.01,-1.49,-17.66,33.5383195,-82.0276401,8
335383102,-820276321,30,14536010,1271,47.74,142.32,144.09,-0.01,-1.27,-17.66,33.5383102,-82.0276321,8
335383009,-820276245,31,14684662,1262,46.49,142.22,143.51,-0.01,-3.33,-17.66,33.5383009,-82.0276245,8
335382916,-820276169,31,14629520,1260,45.24,142.13,142.74,0,-3.55,-17.66,33.5382916,-82.0276169,8
335382823,-820276091,31,14454194,1263,43.98,142.04,142.65,0,-1.89,-17.66,33.5382823,-82.0276091,8
335382731,-820276009,31,14465008,1263,42.71,142,143.87,-0.01,-0.78,-17.66,33.5382731,-82.0276009,8
335382639,-820275931,30,14677464,1257,41.46,141.92,143.83,-0.01,-2.94,-17.66,33.5382639,-82.0275931,8
335382545,-820275855,30,14713204,1245,40.2,141.79,143.23,-0.01,-3.9,-17.66,33.5382545,-82.0275855,8
335382453,-820275777,30,14485296,1261,38.95,141.7,143.5,-0.01,-1.35,-17.66,33.5382453,-82.0275777,8
335382362,-820275699,30,14431402,1231,37.71,141.61,144.41,-0.02,0.1,-17.66,33.5382362,-82.0275699,8
335382271,-820275619,31,14416322,1252,36.45,141.53,145.25,-0.02,1.09,-17.66,33.5382271,-82.0275619,8
335382191,-820275549,31,14452856,1034,35.35,141.46,145.77,-0.02,1.24,-19.42,33.5382191,-82.0275549,8
335382123,-820275486,31,14189784,934,34.4,141.43,143.71,-0.01,1.81,-19.42,33.5382123,-82.0275486,8
335382044,-820275416,31,14370464,1155,33.31,141.36,144.29,-0.02,0.58,-19.42,33.5382044,-82.0275416,8
335381958,-820275340,31,14383354,1197,32.12,141.28,144.59,-0.02,0.76,-19.42,33.5381958,-82.027534,8
335381868,-820275265,31,14527586,1227,30.9,141.13,144.55,-0.02,-0.73,-19.42,33.5381868,-82.0275265,8
335381776,-820275189,31,14508178,1239,29.66,140.94,145.34,-0.02,0.26,-19.42,33.5381776,-82.0275189,8
335381690,-820275116,31,14405476,1144,28.49,140.79,142.96,-0.01,-1.1,-19.42,33.538169,-82.0275116,8
335381602,-820275039,31,14430980,1238,27.28,140.65,143.25,-0.01,-1.06,-19.42,33.5381602,-82.0275039,8
335381509,-820274962,31,14509120,1260,26.03,140.42,143.95,-0.02,-1.14,-19.42,33.5381509,-82.0274962,8
335381416,-820274884,31,14525020,1262,24.77,140.19,144.3,-0.02,-0.95,-19.42,33.5381416,-82.0274884,8
335381328,-820274811,31,14492346,1141,23.59,139.93,141.85,-0.01,-3.07,-19.42,33.5381328,-82.0274811,8
335381240,-820274738,31,14540598,1218,22.41,139.64,141.73,-0.01,-3.68,-19.73,33.538124,-82.0274738,8
335381150,-820274662,31,14431770,1229,21.19,139.34,142.16,-0.02,-2.16,-19.73,33.538115,-82.0274662,8
335381057,-820274588,31,14676182,1235,19.96,138.9,142.34,-0.02,-4.42,-19.73,33.5381057,-82.0274588,8
335380965,-820274512,31,14535052,1244,18.72,138.47,142.07,-0.02,-3.28,-19.73,33.5380965,-82.0274512,8
335380876,-820274439,30,14488762,1175,17.53,137.98,142.13,-0.02,-2.76,-19.73,33.5380876,-82.0274439,8
335380792,-820274368,30,14424454,1120,16.4,137.5,140.51,-0.02,-3.74,-19.73,33.5380792,-82.0274368,8
335380707,-820274292,30,14291308,1203,15.23,137.05,141.79,-0.03,-1.12,-19.73,33.5380707,-82.0274292,8
335380626,-820274218,30,14233618,1093,14.1,136.6,139.03,-0.01,-3.31,-19.73,33.5380626,-82.0274218,8
335380542,-820274143,30,14322188,1193,12.94,135.99,139.38,-0.02,-3.84,-19.73,33.5380542,-82.0274143,8
335380453,-820274067,30,14441338,1223,11.74,135.11,140.16,-0.03,-4.26,-19.73,33.5380453,-82.0274067,8
335380370,-820273996,30,14434632,1098,10.63,134.11,139.03,-0.03,-5.32,-22.99,33.538037,-82.0273996,8
335380296,-820273931,30,14280796,964,9.62,133.09,136.67,-0.02,-6.14,-22.99,33.5380296,-82.0273931,8
335380220,-820273859,31,14110038,1134,8.56,132.01,137.47,-0.03,-3.64,-22.99,33.538022,-82.0273859,8
335380143,-820273787,31,14126292,1055,7.49,130.56,133.48,-0.02,-7.79,-22.99,33.5380143,-82.0273787,8
335380066,-820273711,31,14022312,1133,6.4,128.83,133.42,-0.03,-6.81,-22.99,33.5380066,-82.0273711,8
335379990,-820273634,31,13967362,1085,5.32,126.56,129.33,-0.02,-10.35,-22.99,33.537999,-82.0273634,8
335379914,-820273554,30,13760804,1145,4.23,123.35,128.63,-0.03,-8.98,-22.99,33.5379914,-82.0273554,8
335379845,-820273479,29,13761376,985,3.24,118.76,124.64,-0.03,-12.98,-22.99,33.5379845,-82.0273479,8
335379779,-820273406,29,13630322,995,2.31,110.86,119.36,-0.05,-16.95,-22.99,33.5379779,-82.0273406,8
335379716,-820273333,31,13482698,963,1.49,94.72,112.08,-0.1,-22.75,-22.99,33.5379716,-82.0273333,8
335379612,-820273191,30,12819320,777,59.81,149.09,101.01,0.27,-27.19,-33.15,33.5379612,-82.0273191,9
335379422,-820272936,31,14295502,908,56.79,150.04,152.71,-0.01,9.75,-33.15,33.5379422,-82.0272936,9
335379346,-820272869,31,14405890,1103,55.75,150.16,157.48,-0.04,13.42,-33.15,33.5379346,-82.0272869,9
335379268,-820272808,30,14808178,1004,54.72,150.22,151.41,-0.01,3.32,-33.15,33.5379268,-82.0272808,9
335379187,-820272741,31,14416876,1127,53.63,150.32,150.35,0,6.18,-33.15,33.5379187,-82.0272741,9
335379103,-820272668,31,14384064,1162,52.48,150.46,150.36,0,6.52,-33.15,33.5379103,-82.0272668,9
335379016,-820272595,30,14446432,1187,51.31,150.58,150.37,0,5.9,-33.15,33.5379016,-82.0272595,9
335378929,-820272520,31,14423882,1178,50.12,150.73,150.83,0,6.59,-33.15,33.5378929,-82.027252,9
335378843,-820272445,31,14397696,1183,48.95,150.9,148.44,0.01,4.46,-29.92,33.5378843,-82.0272445,9
335378756,-820272369,31,14320654,1200,47.76,151.07,149.06,0.01,5.85,-29.92,33.5378756,-82.0272369,9
335378667,-820272293,31,14510700,1210,46.55,151.24,149.4,0.01,4.29,-29.92,33.5378667,-82.0272293,9
335378577,-820272221,30,14664318,1197,45.35,151.37,149.22,0.01,2.58,-29.92,33.5378577,-82.0272221,9
335378485,-820272147,30,14561276,1231,44.13,151.52,149.31,0.01,3.7,-29.92,33.5378485,-82.0272147,9
335378392,-820272072,30,14649908,1247,42.89,151.67,149.74,0.01,3.24,-29.92,33.5378392,-82.0272072,9
335378299,-820271996,30,14535140,1232,41.64,151.85,150.8,0.01,5.45,-29.92,33.5378299,-82.0271996,9
335378200,-820271916,30,14324834,1281,40.32,152.04,151.85,0,8.6,-29.92,33.53782,-82.0271916,9
335378104,-820271837,30,14577544,1261,39.03,152.26,152.41,0,6.63,-29.92,33.5378104,-82.0271837,9
335378008,-820271761,31,14566454,1258,37.76,152.45,153.01,0,7.34,-29.92,33.5378008,-82.0271761,9
335377912,-820271686,31,14609378,1248,36.49,152.64,154.24,-0.01,8.14,-29.92,33.5377912,-82.0271686,9
335377813,-820271612,31,14735798,1270,35.2,152.81,149.58,0.02,2.22,-24.44,33.5377813,-82.0271612,9
335377716,-820271538,31,14709856,1255,33.93,153.01,150.54,0.01,3.44,-24.44,33.5377716,-82.0271538,9
335377618,-820271465,31,14677642,1259,32.65,153.2,151.06,0.01,4.28,-24.44,33.5377618,-82.0271465,9
335377527,-820271416,30,14638468,1231,31.54,153.1,152.63,0,6.24,-24.44,33.5377527,-82.0271416,9
335377433,-820271359,31,15009670,1220,30.37,153.1,154.35,-0.01,4.25,-24.44,33.5377433,-82.0271359,9
335377337,-820271300,30,14991528,1235,29.17,153.11,156.25,-0.02,6.33,-24.44,33.5377337,-82.02713,9
335377239,-820271240,31,15205742,1250,27.95,153.12,157.64,-0.03,5.58,-24.44,33.5377239,-82.027124,9
335377146,-820271185,31,15171858,1110,26.79,153.09,155.13,-0.01,3.41,-24.44,33.5377146,-82.0271185,9
335377053,-820271128,30,15212174,1192,25.63,153.1,155.56,-0.01,3.44,-24.44,33.5377053,-82.0271128,9
335376957,-820271068,31,15231416,1185,24.43,153.13,156.13,-0.02,3.81,-24.44,33.5376957,-82.0271068,9
335376860,-820271009,31,15265298,1211,23.22,153.13,152.71,0,0.05,-20.14,33.537686,-82.0271009,9
335376759,-820270948,29,15297476,1241,21.96,153.12,153.25,0,0.27,-20.14,33.5376759,-82.0270948,9
335376658,-820270885,29,15216868,1259,20.69,153.15,153.81,0,1.64,-20.14,33.5376658,-82.0270885,9
335376557,-820270822,30,15226424,1247,19.43,153.19,154.3,-0.01,2.03,-20.14,33.5376557,-82.0270822,9
335376457,-820270760,31,15230886,1231,18.18,153.23,154.69,-0.01,2.38,-20.14,33.5376457,-82.027076,9
335376357,-820270701,31,15356468,1221,16.94,153.19,155.1,-0.01,1.53,-20.14,33.5376357,-82.0270701,9
335376258,-820270638,30,15173134,1217,15.69,153.28,155.15,-0.01,3.42,-20.14,33.5376258,-82.0270638,9
335376158,-820270576,30,15308560,1238,14.44,153.33,156.17,-0.02,3.08,-20.14,33.5376158,-82.0270576,9
335376058,-820270517,30,15331156,1221,13.2,153.29,157.38,-0.02,4.07,-20.14,33.5376058,-82.0270517,9
335375962,-820270458,30,15295246,1165,12,153.33,154.64,-0.01,1.68,-20.14,33.5375962,-82.0270458,9
335375867,-820270396,31,15130580,1194,10.8,153.54,154.16,0,2.85,-20.14,33.5375867,-82.0270396,9
335375770,-820270335,30,15342220,1223,9.58,153.69,152.34,0.01,-1.09,-18.05,33.537577,-82.0270335,9
335375671,-820270274,31,15295994,1226,8.34,153.82,153.19,0,0.23,-18.05,33.5375671,-82.0270274,9
335375570,-820270215,31,15408330,1234,7.09,153.78,154.24,0,0.15,-18.05,33.537557,-82.0270215,9
335375470,-820270157,31,15477946,1226,5.86,153.69,155.75,-0.01,0.97,-18.05,33.537547,-82.0270157,9
335375369,-820270104,31,15779116,1215,4.63,152.98,157.55,-0.03,-0.25,-18.05,33.5375369,-82.0270104,9
335375279,-820270056,31,15472858,1032,3.54,152.03,154.94,-0.02,0.21,-18.05,33.5375279,-82.0270056,9
335375188,-820270009,31,15766094,1133,2.44,149.93,154.78,-0.03,-2.89,-18.05,33.5375188,-82.0270009,9
335375100,-820269960,31,15402630,1056,1.37,145.85,152.26,-0.04,-1.77,-18.05,33.53751,-82.026996,9
335375017,-820269914,31,15463878,994,79.15,156.52,147.17,0.05,-7.47,-18.6,33.5375017,-82.0269914,10
335374865,-820269825,31,15752608,1001,77.27,156.59,157.8,-0.01,0.27,-18.6,33.5374865,-82.0269825,10
335374775,-820269784,30,15990754,1105,76.2,156.55,159.05,-0.01,-0.86,-18.6,33.5374775,-82.0269784,10
335374680,-820269741,31,15912916,1135,75.07,156.51,160.21,-0.02,1.08,-18.6,33.537468,-82.0269741,10
335374587,-820269701,31,16062980,1079,73.98,156.45,159.41,-0.02,-1.22,-18.6,33.5374587,-82.0269701,10
335374492,-820269659,30,15954814,1141,72.85,156.4,159.26,-0.02,-0.29,-18.6,33.5374492,-82.0269659,10
335374393,-820269616,29,16000732,1179,71.68,156.34,158.6,-0.01,-1.41,-18.6,33.5374393,-82.0269616,10
335374292,-820269570,30,15890300,1198,70.48,156.29,157.21,-0.01,-1.69,-18.6,33.5374292,-82.026957,10
335374192,-820269520,29,15603878,1202,69.28,156.27,156.18,0,0.14,-18.6,33.5374192,-82.026952,10
335374093,-820269464,30,15394952,1212,68.06,156.3,156.5,0,2.55,-18.6,33.5374093,-82.0269464,10
335373995,-820269408,30,15456812,1206,66.85,156.33,157.82,-0.01,3.25,-19.49,33.5373995,-82.0269408,10
335373895,-820269355,30,15638934,1201,65.64,156.33,158.14,-0.01,1.75,-19.49,33.5373895,-82.0269355,10
335373796,-820269300,30,15502236,1213,64.43,156.36,158.47,-0.01,3.45,-19.49,33.5373796,-82.02693,10
335373695,-820269247,29,15685942,1215,63.2,156.36,158.43,-0.01,1.57,-19.49,33.5373695,-82.0269247,10
335373594,-820269194,30,15534048,1221,61.97,156.35,158.39,-0.01,3.05,-19.49,33.5373594,-82.0269194,10
335373495,-820269139,30,15524724,1214,60.76,156.38,158.84,-0.01,3.59,-19.49,33.5373495,-82.0269139,10
335373394,-820269085,30,15647220,1222,59.53,156.39,159.2,-0.02,2.73,-19.49,33.5373394,-82.0269085,10
335373294,-820269034,30,15644096,1199,58.32,156.37,158.92,-0.01,2.48,-19.49,33.5373294,-82.0269034,10
335373194,-820268981,30,15632668,1211,57.11,156.38,158.56,-0.01,2.23,-19.49,33.5373194,-82.0268981,10
335373093,-820268929,30,15672986,1213,55.88,156.37,158.79,-0.01,2.06,-19.49,33.5373093,-82.0268929,10
335372996,-820268868,31,15432968,1213,54.67,156.46,159.89,-0.02,5.56,-19.49,33.5372996,-82.0268868,10
335372894,-820268816,31,15586194,1212,53.44,156.45,158.33,-0.01,2.46,-16.61,33.5372894,-82.0268816,10
335372791,-820268769,31,15869822,1214,52.21,156.38,159.14,-0.02,0.44,-16.61,33.5372791,-82.0268769,10
335372689,-820268723,31,15788874,1187,51,156.31,159.27,-0.02,1.38,-16.61,33.5372689,-82.0268723,10
335372588,-820268676,31,15813642,1181,49.8,156.25,159.29,-0.02,1.15,-16.61,33.5372588,-82.0268676,10
335372489,-820268629,31,15721326,1179,48.61,156.2,158.87,-0.01,1.65,-16.61,33.5372489,-82.0268629,10
335372390,-820268581,31,15721450,1192,47.43,156.16,158.27,-0.01,1.05,-16.61,33.537239,-82.0268581,10
335372292,-820268527,31,15539674,1203,46.23,156.18,158.41,-0.01,3.01,-16.61,33.5372292,-82.0268527,10
335372195,-820268473,31,15543498,1192,45.04,156.2,159.17,-0.02,3.73,-16.61,33.5372195,-82.0268473,10
335372099,-820268420,31,15512164,1168,43.86,156.23,159.61,-0.02,4.48,-16.61,33.5372099,-82.026842,10
335372002,-820268370,31,15779768,1175,42.69,156.22,160.64,-0.02,2.84,-16.61,33.5372002,-82.026837,10
335371913,-820268326,31,15792168,1009,41.62,156.18,154.7,0.01,-3.23,-14.39,33.5371913,-82.0268326,10
335371832,-820268282,31,15555466,974,40.63,156.19,153.25,0.02,-2.31,-14.39,33.5371832,-82.0268282,10
335371746,-820268232,31,15460732,1097,39.57,156.25,153.3,0.02,-1.31,-14.39,33.5371746,-82.0268232,10
335371654,-820268180,31,15680544,1138,38.44,156.29,153.87,0.01,-2.94,-14.39,33.5371654,-82.026818,10
335371559,-820268127,30,15670704,1171,37.27,156.33,154.51,0.01,-2.2,-14.39,33.5371559,-82.0268127,10
335371461,-820268074,31,15677762,1196,36.08,156.35,155.51,0,-1.27,-14.39,33.5371461,-82.0268074,10
335371362,-820268023,30,15830362,1197,34.88,156.33,155.64,0,-2.67,-14.39,33.5371362,-82.0268023,10
335371262,-820267972,31,15748098,1206,33.67,156.31,154.64,0.01,-2.84,-14.39,33.5371262,-82.0267972,10
335371161,-820267921,30,15759118,1204,32.45,156.28,154.27,0.01,-3.32,-14.39,33.5371161,-82.0267921,10
335371060,-820267871,31,15672404,1210,31.23,156.23,155.43,0,-1.3,-14.39,33.537106,-82.0267871,10
335370961,-820267820,29,15747748,1188,30.04,156.21,156.61,0,-0.87,-14.39,33.5370961,-82.026782,10
335370862,-820267774,30,15940660,1171,28.86,156.1,159.12,-0.02,-0.28,-16.59,33.5370862,-82.0267774,10
335370764,-820267730,30,16037638,1155,27.7,155.96,159.02,-0.02,-1.35,-16.59,33.5370764,-82.026773,10
335370665,-820267689,31,16016706,1161,26.54,155.74,159.07,-0.02,-1.1,-16.59,33.5370665,-82.0267689,10
335370566,-820267645,29,15906498,1163,25.36,155.56,159.71,-0.02,0.65,-16.59,33.5370566,-82.0267645,10
335370477,-820267604,29,15705864,1014,24.31,155.41,157.84,-0.01,0.78,-16.59,33.5370477,-82.0267604,10
335370386,-820267561,29,15825462,1116,23.22,155.26,157.23,-0.01,-1.02,-16.59,33.5370386,-82.0267561,10
335370291,-820267518,30,15801714,1122,22.09,155.06,156.74,-0.01,-1.28,-16.59,33.5370291,-82.0267518,10
335370194,-820267473,29,15787070,1154,20.94,154.85,156.58,-0.01,-1.29,-16.59,33.5370194,-82.0267473,10
335370095,-820267430,30,15963644,1171,19.77,154.53,156.36,-0.01,-3.27,-16.59,33.5370095,-82.026743,10
335369994,-820267386,29,15881364,1190,18.58,154.18,156.11,-0.01,-2.7,-16.59,33.5369994,-82.0267386,10
335369893,-820267341,30,15847738,1191,17.39,153.81,155.88,-0.01,-2.6,-16.59,33.5369893,-82.0267341,10
335369792,-820267297,30,15936536,1181,16.2,153.35,156.79,-0.02,-2.58,-17.82,33.5369792,-82.0267297,10
335369692,-820267253,30,15875728,1170,15.03,152.84,156.7,-0.02,-2.06,-17.82,33.5369692,-82.0267253,10
335369594,-820267209,30,15861890,1153,13.87,152.28,154.17,-0.01,-4.45,-17.82,33.5369594,-82.0267209,10
335369495,-820267160,29,15691074,1195,12.69,151.78,153.17,-0.01,-3.74,-17.82,33.5369495,-82.026716,10
335369398,-820267110,30,15643448,1160,11.52,151.28,152.53,-0.01,-3.91,-17.82,33.5369398,-82.026711,10
335369304,-820267060,29,15607564,1139,10.38,150.75,151.91,-0.01,-4.17,-17.82,33.5369304,-82.026706,10
335369211,-820267009,30,15475480,1139,9.24,150.17,150.8,0,-3.96,-17.82,33.5369211,-82.0267009,10
335369118,-820266954,30,15279610,1147,8.09,149.66,150.73,-0.01,-2.07,-17.82,33.5369118,-82.0266954,10
335369027,-820266896,30,15191406,1153,6.95,149.27,151.91,-0.01,-0.01,-17.82,33.5369027,-82.0266896,10
335368934,-820266841,30,15365212,1142,5.8,148.38,152.73,-0.02,-0.93,-17.82,33.5368934,-82.0266841,10
335368850,-820266790,29,15321682,999,4.76,147.33,151.76,-0.02,-1.45,-20.6,33.536885,-82.026679,10
335368773,-820266743,29,15211626,946,3.8,145.89,148.79,-0.02,-3.32,-20.6,33.5368773,-82.0266743,10
335368691,-820266688,30,15048598,1080,2.76,144.03,147.54,-0.02,-2.94,-20.6,33.5368691,-82.0266688,10
335368603,-820266629,29,15041804,1137,1.65,139.45,146.93,-0.04,-3.48,-20.6,33.5368603,-82.0266629,10
335368521,-820266574,29,15069838,1008,137.76,158.06,142.51,0.09,-8.18,-23.4,33.5368521,-82.0266574,11
335368379,-820266480,30,15652246,877,135.97,158.16,158.52,0,2,-23.4,33.5368379,-82.026648,11
335368294,-820266438,30,15780790,1075,134.95,158.16,160.97,-0.02,3.17,-23.4,33.5368294,-82.0266438,11
335368199,-820266394,29,15920760,1153,133.82,158.15,160.74,-0.01,1.54,-23.4,33.5368199,-82.0266394,11
335368101,-820266351,30,16017546,1163,132.66,158.14,159.95,-0.01,-0.22,-23.4,33.5368101,-82.0266351,11
335368002,-820266307,30,15845950,1174,131.48,158.12,159.34,-0.01,0.88,-23.4,33.5368002,-82.0266307,11
335367900,-820266253,31,15625994,1215,130.24,158.14,158.92,0,2.66,-23.4,33.53679,-82.0266253,11
335367799,-820266201,31,15683256,1190,129.02,158.16,158.35,0,1.52,-23.4,33.5367799,-82.0266201,11
335367701,-820266146,30,15418356,1199,127.82,158.19,158.75,0,4.57,-23.4,33.5367701,-82.0266146,11
335367604,-820266091,29,15493610,1185,126.63,158.22,159.56,-0.01,4.63,-23.4,33.5367604,-82.0266091,11
335367503,-820266034,30,15460170,1203,125.39,158.25,158.74,0,4.14,-22.14,33.5367503,-82.0266034,11
335367403,-820265981,30,15625272,1195,124.17,158.27,159.05,0,2.8,-22.14,33.5367403,-82.0265981,11
335367302,-820265931,31,15850294,1187,122.96,158.28,159.87,-0.01,1.37,-22.14,33.5367302,-82.0265931,11
335367201,-820265882,31,15797124,1191,121.75,158.28,159.9,-0.01,1.93,-22.14,33.5367201,-82.0265882,11
335367101,-820265836,31,15995012,1160,120.56,158.28,159.62,-0.01,-0.33,-22.14,33.5367101,-82.0265836,11
335367000,-820265791,31,15879834,1176,119.36,158.26,159.56,-0.01,0.77,-22.14,33.5367,-82.0265791,11
335366902,-820265743,30,15767904,1167,118.18,158.27,160.16,-0.01,2.48,-22.14,33.5366902,-82.0265743,11
335366803,-820265696,31,15827824,1175,117,158.27,160.43,-0.01,2.16,-22.14,33.5366803,-82.0265696,11
335366704,-820265651,31,16004998,1159,115.82,158.26,160.98,-0.02,0.93,-22.14,33.5366704,-82.0265651,11
335366603,-820265608,31,16041968,1154,114.63,158.23,161.86,-0.02,1.44,-22.14,33.5366603,-82.0265608,11
335366512,-820265570,31,16064262,1023,113.56,158.21,158.4,0,-2.24,-20.37,33.5366512,-82.026557,11
335366425,-820265530,31,15787388,1021,112.52,158.2,158.63,0,0.76,-20.37,33.5366425,-82.026553,11
335366331,-820265487,31,15853196,1144,111.4,158.19,159.28,-0.01,0.75,-20.37,33.5366331,-82.0265487,11
335366230,-820265441,30,15846000,1192,110.2,158.18,159.58,-0.01,1.12,-20.37,33.536623,-82.0265441,11
335366127,-820265397,30,16018608,1203,108.99,158.16,159.32,-0.01,-0.86,-20.37,33.5366127,-82.0265397,11
335366024,-820265359,30,16165820,1199,107.79,158.1,159.3,-0.01,-2.35,-20.37,33.5366024,-82.0265359,11
335365920,-820265322,31,16246616,1205,106.59,158.04,158.35,0,-4.11,-20.37,33.536592,-82.0265322,11
335365816,-820265285,30,16253004,1204,105.39,157.98,158.61,0,-3.92,-20.37,33.5365816,-82.0265285,11
335365711,-820265246,30,16166764,1210,104.17,157.92,158.68,0,-2.98,-20.37,33.5365711,-82.0265246,11
335365606,-820265207,30,16282122,1215,102.95,157.87,158.85,-0.01,-3.97,-20.37,33.5365606,-82.0265207,11
335365504,-820265172,30,16276110,1200,101.78,157.79,158.33,0,-4.43,-20.37,33.5365504,-82.0265172,11
335365399,-820265135,30,16157692,1198,100.57,157.72,159.85,-0.01,-1.72,-22.39,33.5365399,-82.0265135,11
335365294,-820265095,30,16073670,1205,99.35,157.67,160.1,-0.01,-0.63,-22.39,33.5365294,-82.0265095,11
335365189,-820265053,30,15994038,1195,98.12,157.62,160.31,-0.01,0.37,-22.39,33.5365189,-82.0265053,11
335365086,-820265012,30,16120034,1194,96.92,157.57,160.34,-0.02,-0.86,-22.39,33.5365086,-82.0265012,11
335364983,-820264971,30,16041192,1183,95.71,157.52,160.18,-0.01,-0.23,-22.39,33.5364983,-82.0264971,11
335364883,-820264929,31,16112566,1170,94.53,157.48,159.62,-0.01,-1.5,-22.39,33.5364883,-82.0264929,11
335364782,-820264886,30,16087178,1188,93.34,157.44,158.91,-0.01,-1.96,-22.39,33.5364782,-82.0264886,11
335364681,-820264841,30,16021196,1209,92.15,157.41,157.65,0,-2.56,-22.39,33.5364681,-82.0264841,11
335364582,-820264794,30,15871072,1197,90.96,157.4,156.69,0,-2.02,-22.39,33.5364582,-82.0264794,11
335364483,-820264745,30,15712820,1205,89.77,157.39,156.79,0,-0.33,-22.39,33.5364483,-82.0264745,11
335364383,-820264697,30,15925664,1208,88.57,157.38,157.56,0,-1.7,-23.54,33.5364383,-82.0264697,11
335364284,-820264649,30,15807864,1214,87.39,157.38,157.81,0,-0.27,-23.54,33.5364284,-82.0264649,11
335364183,-820264601,29,15842976,1218,86.18,157.36,158.27,-0.01,-0.16,-23.54,33.5364183,-82.0264601,11
335364080,-820264554,30,15897836,1229,84.95,157.33,157.7,0,-1.28,-23.54,33.536408,-82.0264554,11
335363978,-820264508,29,15879914,1225,83.74,157.3,157.1,0,-1.7,-23.54,33.5363978,-82.0264508,11
335363874,-820264461,30,15889750,1235,82.51,157.27,157.46,0,-1.44,-23.54,33.5363874,-82.0264461,11
335363773,-820264416,30,15963256,1211,81.31,157.24,158.34,-0.01,-1.3,-23.54,33.5363773,-82.0264416,11
335363673,-820264373,30,15970652,1170,80.13,157.19,158.74,-0.01,-0.97,-23.54,33.5363673,-82.0264373,11
335363575,-820264333,30,16126620,1168,78.98,157.14,158.91,-0.01,-2.36,-23.54,33.5363575,-82.0264333,11
335363475,-820264292,30,15962158,1176,77.81,157.08,161.18,-0.02,1.56,-23.54,33.5363475,-82.0264292,11
335363387,-820264258,29,16210442,970,76.78,157.01,159.07,-0.01,-3.03,-24.5,33.5363387,-82.0264258,11
335363304,-820264228,29,16238630,975,75.83,156.93,157.67,0,-4.72,-24.5,33.5363304,-82.0264228,11
335363213,-820264192,29,16059114,1113,74.76,156.86,158.97,-0.01,-1.62,-24.5,33.5363213,-82.0264192,11
335363114,-820264152,28,16149774,1187,73.61,156.79,159.97,-0.02,-1.53,-24.5,33.5363114,-82.0264152,11
335363011,-820264113,29,16279566,1203,72.41,156.69,159.81,-0.02,-2.99,-24.5,33.5363011,-82.0264113,11
335362905,-820264074,29,16284574,1232,71.18,156.59,159.62,-0.02,-3.23,-24.5,33.5362905,-82.0264074,11
335362799,-820264034,30,16248922,1230,69.96,156.48,159.71,-0.02,-2.78,-24.5,33.5362799,-82.0264034,11
335362694,-820263993,30,16194520,1230,68.73,156.38,160.32,-0.02,-1.63,-24.5,33.5362694,-82.0263993,11
335362596,-820263955,30,16180278,1108,67.59,156.29,158.95,-0.01,-2.85,-24.5,33.5362596,-82.0263955,11
335362499,-820263919,30,16300226,1134,66.47,156.18,160.52,-0.02,-2.48,-24.5,33.5362499,-82.0263919,11
335362409,-820263888,29,16466874,1001,65.44,156.05,160.35,-0.02,-4.32,-27.19,33.5362409,-82.0263888,11
335362329,-820263864,30,16544128,868,64.54,155.91,158.84,-0.02,-6.61,-27.19,33.5362329,-82.0263864,11
335362243,-820263837,29,16565206,1040,63.56,155.77,156.57,0,-9.09,-27.19,33.5362243,-82.0263837,11
335362150,-820263803,30,16161118,1091,62.49,155.64,153.53,0.01,-8.09,-27.19,33.536215,-82.0263803,11
335362057,-820263762,29,15872988,1101,61.39,155.57,152.6,0.02,-6.13,-27.19,33.5362057,-82.0263762,11
335361966,-820263716,29,15672156,1095,60.29,155.54,151.91,0.02,-4.82,-27.19,33.5361966,-82.0263716,11
335361880,-820263673,30,15683224,998,59.26,155.5,152.13,0.02,-4.71,-27.19,33.536188,-82.0263673,11
335361796,-820263629,30,15590766,1029,58.24,155.49,152.13,0.02,-3.78,-27.19,33.5361796,-82.0263629,11
335361712,-820263584,30,15569778,1024,57.21,155.48,153.86,0.01,-1.84,-27.19,33.5361712,-82.0263584,11
335361625,-820263540,30,15735930,1046,56.16,155.45,155.07,0,-2.29,-27.19,33.5361625,-82.026354,11
335361537,-820263496,30,15752936,1065,55.1,155.41,157.2,-0.01,-0.33,-27.19,33.5361537,-82.0263496,11
335361445,-820263455,30,16013698,1089,54.02,155.33,163.05,-0.04,2.92,-31.91,33.5361445,-82.0263455,11
335361360,-820263423,30,16362830,956,53.03,155.19,155.52,0,-8.1,-31.91,33.536136,-82.0263423,11
335361274,-820263383,30,15655714,1046,52.01,155.12,152.55,0.01,-4,-31.91,33.5361274,-82.0263383,11
335361188,-820263334,30,15402096,1058,50.95,155.13,152.66,0.01,-1.36,-31.91,33.5361188,-82.0263334,11
335361102,-820263283,31,15320524,1057,49.88,155.16,154.5,0,1.3,-31.91,33.5361102,-82.0263283,11
335361016,-820263231,30,15294090,1076,48.81,155.2,156.01,0,3.07,-31.91,33.5361016,-82.0263231,11
335360928,-820263178,31,15345168,1089,47.72,155.25,157.42,-0.01,3.97,-31.91,33.5360928,-82.0263178,11
335360839,-820263129,30,15581486,1095,46.63,155.25,158.75,-0.02,2.94,-31.91,33.5360839,-82.0263129,11
335360746,-820263082,30,15732800,1124,45.51,155.2,160.34,-0.03,3.02,-31.91,33.5360746,-82.0263082,11
335360659,-820263038,30,15706078,1004,44.46,155.15,156.55,-0.01,-0.51,-31.91,33.5360659,-82.0263038,11
335360573,-820262990,31,15461574,1074,43.4,155.15,156.12,-0.01,1.51,-31.91,33.5360573,-82.026299,11
335360485,-820262938,30,15321698,1091,42.31,155.19,156.08,0,2.86,-31.48,33.5360485,-82.0262938,11
335360396,-820262880,31,15144404,1127,41.19,155.29,156.73,-0.01,5.29,-31.48,33.5360396,-82.026288,11
335360300,-820262824,31,15424794,1155,40,155.33,157.91,-0.01,3.66,-31.48,33.53603,-82.0262824,11
335360201,-820262768,31,15469578,1192,38.78,155.35,160.02,-0.03,5.32,-31.48,33.5360201,-82.0262768,11
335360106,-820262718,30,15586184,1089,37.63,155.32,157.33,-0.01,1.47,-31.48,33.5360106,-82.0262718,11
335360009,-820262666,30,15572148,1181,36.45,155.3,157.08,-0.01,1.36,-31.48,33.5360009,-82.0262666,11
335359910,-820262611,31,15479058,1199,35.23,155.3,157.01,-0.01,2.22,-31.48,33.535991,-82.0262611,11
335359809,-820262559,30,15620686,1219,34.01,155.25,157.45,-0.01,1.24,-31.48,33.5359809,-82.0262559,11
335359711,-820262508,31,15446892,1188,32.82,155.2,157.93,-0.02,3.46,-31.48,33.5359711,-82.0262508,11
335359614,-820262457,31,15441858,1164,31.65,155.16,159.25,-0.02,4.83,-31.48,33.5359614,-82.0262457,11
335359527,-820262413,31,15542714,1010,30.6,155.09,152.86,0.01,-2.57,-28.31,33.5359527,-82.0262413,11
335359445,-820262370,31,15416352,994,29.6,155.05,151.19,0.02,-2.98,-28.31,33.5359445,-82.026237,11
335359362,-820262327,31,15516640,1006,28.6,154.99,152.07,0.02,-3.1,-28.31,33.5359362,-82.0262327,11
335359275,-820262277,31,15205086,1127,27.52,155.01,153.01,0.01,0.96,-28.31,33.5359275,-82.0262277,11
335359182,-820262222,31,15315708,1156,26.37,155.07,154.25,0,1.09,-28.31,33.5359182,-82.0262222,11
335359086,-820262168,30,15559934,1186,25.19,155.08,154.42,0,-1.18,-28.31,33.5359086,-82.0262168,11
335358988,-820262115,30,15508552,1189,24,155.05,154.99,0,-0.1,-28.31,33.5358988,-82.0262115,11
335358892,-820262062,30,15511522,1183,22.82,155.03,155.76,0,0.64,-28.31,33.5358892,-82.0262062,11
335358794,-820262010,29,15708132,1193,21.63,154.97,155.51,0,-1.57,-28.31,33.5358794,-82.026201,11
335358694,-820261959,30,15688208,1191,20.42,154.85,155.26,0,-1.62,-28.31,33.5358694,-82.0261959,11
335358594,-820261906,30,15555440,1208,19.21,154.77,156.29,-0.01,0.73,-28.31,33.5358594,-82.0261906,11
335358492,-820261854,30,15667558,1228,17.97,154.62,158.21,-0.02,1.53,-29.19,33.5358492,-82.0261854,11
335358389,-820261802,30,15715368,1231,16.73,154.43,158.44,-0.02,1.29,-29.19,33.5358389,-82.0261802,11
335358292,-820261756,30,15779622,1106,15.58,154.13,155.14,-0.01,-2.66,-29.19,33.5358292,-82.0261756,11
335358196,-820261705,30,15477628,1180,14.41,153.97,153.92,0,-0.86,-29.19,33.5358196,-82.0261705,11
335358095,-820261650,30,15475558,1245,13.18,153.82,152.81,0.01,-1.95,-29.19,33.5358095,-82.026165,11
335357993,-820261591,29,15437322,1244,11.92,153.77,153.29,0,-1.08,-29.19,33.5357993,-82.0261591,11
335357890,-820261531,30,15443004,1266,10.64,153.73,153.73,0,-0.7,-29.19,33.535789,-82.0261531,11
335357787,-820261473,29,15524666,1266,9.38,153.58,153.64,0,-1.61,-29.19,33.5357787,-82.0261473,11
335357683,-820261413,29,15428938,1266,8.09,153.46,154.44,-0.01,0.15,-29.19,33.5357683,-82.0261413,11
335357581,-820261352,30,15387480,1264,6.83,153.46,155.68,-0.01,1.8,-29.19,33.5357581,-82.0261352,11
335357479,-820261294,30,15563276,1234,5.57,153.19,157.62,-0.02,1.98,-29.6,33.5357479,-82.0261294,11
335357387,-820261244,29,15529962,1089,4.45,152.57,155.32,-0.02,0.02,-29.6,33.5357387,-82.0261244,11
335357294,-820261194,29,15553786,1168,3.32,151.45,155.45,-0.02,-0.09,-29.6,33.5357294,-82.0261194,11
335357203,-820261146,29,15531182,1088,2.22,149.05,153.76,-0.03,-1.55,-29.6,33.5357203,-82.0261146,11
335357117,-820261098,29,15401668,1057,1.17,143.67,150.66,-0.04,-3.36,-29.6,33.5357117,-82.0261098,11
335357034,-820261052,29,15375454,1008,126.09,156.2,145.1,0.06,-8.66,-30.2,33.5357034,-82.0261052,12
335356886,-820260963,29,15417214,949,124.25,156.24,156.91,0,2.74,-30.2,33.5356886,-82.0260963,12
335356798,-820260916,29,15640494,1108,123.18,156.24,156.82,0,0.41,-30.2,33.5356798,-82.0260916,12
335356705,-820260865,29,15483000,1135,122.04,156.25,157.14,0,2.31,-30.2,33.5356705,-82.0260865,12
335356609,-820260812,29,15503540,1170,120.86,156.26,158.36,-0.01,3.32,-30.2,33.5356609,-82.0260812,12
335356512,-820260760,29,15579094,1172,119.68,156.26,160.52,-0.02,4.73,-30.2,33.5356512,-82.026076,12
335356422,-820260714,29,15754706,1049,118.59,156.26,158.52,-0.01,0.97,-30.2,33.5356422,-82.0260714,12
335356327,-820260672,29,15882642,1152,117.47,156.22,158.92,-0.01,0.09,-30.2,33.5356327,-82.0260672,12
335356228,-820260628,29,15889868,1192,116.3,156.19,159.74,-0.02,0.84,-30.2,33.5356228,-82.0260628,12
335356127,-820260584,29,15944680,1198,115.1,156.15,160.89,-0.03,1.44,-30.2,33.5356127,-82.0260584,12
335356035,-820260544,30,15919176,1042,114.02,156.11,155.84,0,-3.35,-29.37,33.5356035,-82.0260544,12
335355947,-820260503,29,15652750,1049,112.97,156.09,154.61,0.01,-1.91,-29.37,33.5355947,-82.0260503,12
335355857,-820260453,29,15372272,1151,111.87,156.1,155.47,0,1.75,-29.37,33.5355857,-82.0260453,12
335355762,-820260399,29,15413998,1172,110.7,156.11,156.13,0,1.99,-29.37,33.5355762,-82.0260399,12
335355667,-820260345,29,15397002,1174,109.53,156.13,156.01,0,2.04,-29.37,33.5355667,-82.0260345,12
335355573,-820260291,29,15387260,1138,108.37,156.15,156.3,0,2.43,-29.37,33.5355573,-82.0260291,12
335355481,-820260237,29,15425968,1137,107.23,156.17,157.36,-0.01,3.11,-29.37,33.5355481,-82.0260237,12
335355389,-820260185,30,15539224,1134,106.1,156.18,157.98,-0.01,2.59,-29.37,33.5355389,-82.0260185,12
335355296,-820260134,30,15647366,1138,104.96,156.19,157.69,-0.01,1.22,-29.37,33.5355296,-82.0260134,12
335355202,-820260085,30,15612060,1144,103.82,156.19,157.73,-0.01,1.61,-29.37,33.5355202,-82.0260085,12
335355109,-820260036,29,15581242,1141,102.69,156.19,158.46,-0.01,2.65,-29.37,33.5355109,-82.0260036,12
335355016,-820259985,29,15529134,1135,101.56,156.2,158.31,-0.01,3.02,-28.09,33.5355016,-82.0259985,12
335354921,-820259936,29,15691430,1145,100.41,156.19,159.11,-0.02,2.19,-28.09,33.5354921,-82.0259936,12
335354824,-820259888,29,15748232,1161,99.24,156.17,160.81,-0.03,3.33,-28.09,33.5354824,-82.0259888,12
335354732,-820259845,29,15801658,1068,98.14,156.15,158.04,-0.01,0.02,-28.09,33.5354732,-82.0259845,12
335354638,-820259799,29,15682942,1167,97.01,156.13,158.36,-0.01,1.53,-28.09,33.5354638,-82.0259799,12
335354540,-820259752,29,15761720,1187,95.84,156.1,157.98,-0.01,0.36,-28.09,33.535454,-82.0259752,12
335354442,-820259703,29,15645182,1195,94.66,156.08,158.9,-0.02,2.45,-28.09,33.5354442,-82.0259703,12
335354343,-820259653,29,15614944,1197,93.47,156.07,161.61,-0.03,5.46,-28.09,33.5354343,-82.0259653,12
335354254,-820259606,29,15526490,1047,92.38,156.07,158.39,-0.01,3.12,-28.09,33.5354254,-82.0259606,12
335354164,-820259555,29,15459436,1123,91.28,156.09,159.34,-0.02,4.74,-28.09,33.5354164,-82.0259555,12
335354066,-820259505,29,15746398,1185,90.09,156.07,159.85,-0.02,2.38,-28.09,33.5354066,-82.0259505,12
335353977,-820259463,29,15894868,983,89.03,156.04,155.94,0,-3.01,-25.49,33.5353977,-82.0259463,12
335353893,-820259420,29,15673094,1013,88.02,156.03,156.35,0,-0.38,-25.49,33.5353893,-82.025942,12
335353799,-820259375,29,15868696,1137,86.89,156.01,156.28,0,-2.41,-25.49,33.5353799,-82.0259375,12
335353701,-820259327,29,15747792,1174,85.71,155.98,156.2,0,-1.28,-25.49,33.5353701,-82.0259327,12
335353602,-820259278,29,15638926,1183,84.52,155.96,156.87,-0.01,0.48,-25.49,33.5353602,-82.0259278,12
335353504,-820259226,29,15527022,1197,83.33,155.96,157.6,-0.01,2.33,-25.49,33.5353504,-82.0259226,12
335353405,-820259172,29,15546866,1216,82.12,155.96,158.64,-0.01,3.17,-25.49,33.5353405,-82.0259172,12
335353306,-820259119,29,15532002,1196,80.92,155.96,160.77,-0.03,5.45,-25.49,33.5353306,-82.0259119,12
335353224,-820259075,29,15568792,924,79.92,155.96,158.39,-0.01,2.7,-25.49,33.5353224,-82.0259075,12
335353139,-820259030,29,15594936,1071,78.88,155.96,160.52,-0.03,4.57,-25.49,33.5353139,-82.025903,12
335353056,-820258986,30,15779052,982,77.87,155.96,156.21,0,-1.58,-24.33,33.5353056,-82.0258986,12
335352974,-820258944,29,15683512,982,76.88,155.95,155.32,0,-1.52,-24.33,33.5352974,-82.0258944,12
335352883,-820258898,30,15769418,1114,75.78,155.93,155.4,0,-2.3,-24.33,33.5352883,-82.0258898,12
335352784,-820258850,29,15790016,1183,74.6,155.9,155.53,0,-2.37,-24.33,33.5352784,-82.025885,12
335352683,-820258799,28,15674790,1206,73.38,155.87,156.1,0,-0.65,-24.33,33.5352683,-82.0258799,12
335352579,-820258748,29,15784606,1245,72.13,155.84,156.76,-0.01,-1.09,-24.33,33.5352579,-82.0258748,12
335352474,-820258698,29,15744494,1244,70.87,155.8,157.16,-0.01,-0.29,-24.33,33.5352474,-82.0258698,12
335352369,-820258646,29,15745848,1249,69.61,155.77,157.24,-0.01,-0.22,-24.33,33.5352369,-82.0258646,12
335352266,-820258596,29,15753548,1242,68.38,155.73,157.94,-0.01,0.4,-24.33,33.5352266,-82.0258596,12
335352164,-820258546,30,15767284,1214,67.15,155.69,158.08,-0.01,0.4,-24.33,33.5352164,-82.0258546,12
335352062,-820258497,29,15746858,1229,65.93,155.64,157.32,-0.01,-0.15,-24.33,33.5352062,-82.0258497,12
335351961,-820258443,28,15458524,1233,64.7,155.64,159.3,-0.02,4.71,-25.18,33.5351961,-82.0258443,12
335351866,-820258387,29,15419116,1153,63.52,155.67,157.9,-0.01,3.71,-25.18,33.5351866,-82.0258387,12
335351769,-820258332,29,15479456,1187,62.33,155.69,159.17,-0.02,4.37,-25.18,33.5351769,-82.0258332,12
335351669,-820258281,29,15753290,1205,61.12,155.66,159.77,-0.02,2.24,-25.18,33.5351669,-82.0258281,12
335351572,-820258232,29,15742590,1133,59.95,155.63,157.15,-0.01,-0.28,-25.18,33.5351572,-82.0258232,12
335351474,-820258183,29,15696402,1176,58.77,155.6,156.55,-0.01,-0.42,-25.18,33.5351474,-82.0258183,12
335351375,-820258132,29,15667452,1182,57.57,155.57,156.34,0,-0.34,-25.18,33.5351375,-82.0258132,12
335351276,-820258080,29,15631164,1208,56.37,155.56,157.21,-0.01,0.9,-25.18,33.5351276,-82.025808,12
335351175,-820258029,29,15747566,1224,55.15,155.52,157.52,-0.01,0.04,-25.18,33.5351175,-82.0258029,12
335351075,-820257980,29,15753178,1211,53.95,155.47,156.73,-0.01,-0.8,-25.18,33.5351075,-82.025798,12
335350976,-820257927,29,15561660,1214,52.75,155.46,156.18,0,0.56,-25.18,33.5350976,-82.0257927,12
335350878,-820257875,29,15545414,1198,51.56,155.44,154.3,0.01,-1.15,-23.84,33.5350878,-82.0257875,12
335350774,-820257819,29,15567788,1221,50.29,155.43,153.42,0.01,-2.26,-23.84,33.5350774,-82.0257819,12
335350673,-820257759,29,15298372,1193,49.04,155.48,153.05,0.01,0.07,-23.84,33.5350673,-82.0257759,12
335350573,-820257700,29,15365926,1185,47.8,155.52,154.16,0.01,0.5,-23.84,33.5350573,-82.02577,12
335350474,-820257642,29,15447614,1171,46.57,155.56,155.47,0,1,-23.84,33.5350474,-82.0257642,12
335350372,-820257587,29,15671546,1185,45.33,155.56,156.8,-0.01,0.09,-23.84,33.5350372,-82.0257587,12
335350269,-820257534,30,15708524,1179,44.08,155.52,158.51,-0.02,1.43,-23.84,33.5350269,-82.0257534,12
335350169,-820257482,30,15654072,1159,42.87,155.49,160.19,-0.03,3.65,-23.84,33.5350169,-82.0257482,12
335350075,-820257432,30,15548494,1030,41.73,155.48,157.54,-0.01,2.06,-23.84,33.5350075,-82.0257432,12
335349979,-820257380,29,15550208,1114,40.55,155.47,158.02,-0.01,2.52,-23.84,33.5349979,-82.025738,12
335349881,-820257325,29,15505898,1160,39.35,155.49,158.18,-0.01,3.12,-23.05,33.5349881,-82.0257325,12
335349779,-820257271,29,15665320,1180,38.11,155.46,159.14,-0.02,2.49,-23.05,33.5349779,-82.0257271,12
335349681,-820257220,29,15669218,1119,36.92,155.43,158.46,-0.02,1.77,-23.05,33.5349681,-82.025722,12
335349581,-820257169,29,15687566,1181,35.71,155.38,159.23,-0.02,2.36,-23.05,33.5349581,-82.0257169,12
335349483,-820257115,29,15581582,1132,34.52,155.38,156.92,-0.01,1.11,-23.05,33.5349483,-82.0257115,12
335349383,-820257060,29,15493134,1181,33.29,155.38,157.22,-0.01,2.29,-23.05,33.5349383,-82.025706,12
335349281,-820257003,29,15545950,1202,32.04,155.39,158.54,-0.02,3.08,-23.05,33.5349281,-82.0257003,12
335349178,-820256948,29,15709362,1205,30.79,155.37,159.67,-0.02,2.58,-23.05,33.5349178,-82.0256948,12
335349080,-820256898,29,15719356,1103,29.6,155.3,157.18,-0.01,-0.01,-23.05,33.534908,-82.0256898,12
335348981,-820256847,29,15698938,1168,28.4,155.24,157.25,-0.01,0.26,-23.05,33.5348981,-82.0256847,12
335348880,-820256798,29,15797506,1185,27.19,155.12,157.71,-0.01,-0.26,-23.05,33.534888,-82.0256798,12
335348777,-820256749,29,15747504,1222,25.96,154.97,156.65,-0.01,-0.82,-21.34,33.5348777,-82.0256749,12
335348673,-820256700,29,15849190,1225,24.72,154.79,157.44,-0.01,-1.05,-21.34,33.5348673,-82.02567,12
335348568,-820256653,29,15932120,1233,23.48,154.53,158.79,-0.02,-0.53,-21.34,33.5348568,-82.0256653,12
335348469,-820256609,29,15919966,1140,22.31,154.26,156.33,-0.01,-2.87,-21.34,33.5348469,-82.0256609,12
335348367,-820256562,29,15867020,1227,21.1,153.99,156.48,-0.01,-2.19,-21.34,33.5348367,-82.0256562,12
335348261,-820256512,29,15836420,1247,19.84,153.7,157.34,-0.02,-1.02,-21.34,33.5348261,-82.0256512,12
335348161,-820256464,29,15794538,1140,18.64,153.41,156.67,-0.02,-1.27,-21.34,33.5348161,-82.0256464,12
335348059,-820256416,29,15946528,1214,17.43,153.05,157.12,-0.02,-2.34,-21.34,33.5348059,-82.0256416,12
335347958,-820256367,30,15742388,1167,16.22,152.69,154.9,-0.01,-2.52,-21.34,33.5347958,-82.0256367,12
335347856,-820256314,30,15773460,1223,14.99,152.36,156.07,-0.02,-1.66,-21.34,33.5347856,-82.0256314,12
335347759,-820256264,28,15653012,1091,13.82,151.99,156.05,-0.02,-0.48,-22.97,33.5347759,-82.0256264,12
335347670,-820256219,28,15870654,1017,12.75,151.56,155.2,-0.02,-3.51,-22.97,33.534767,-82.0256219,12
335347578,-820256174,30,15799094,1092,11.65,150.97,154.22,-0.02,-3.77,-22.97,33.5347578,-82.0256174,12
335347478,-820256126,30,15760344,1184,10.47,150.14,154.24,-0.02,-3.36,-22.97,33.5347478,-82.0256126,12
335347381,-820256074,28,15490320,1120,9.29,149.41,151.92,-0.01,-2.98,-22.97,33.5347381,-82.0256074,12
335347282,-820256019,29,15475874,1201,8.08,148.55,152.18,-0.02,-2.58,-22.97,33.5347282,-82.0256019,12
335347187,-820255965,30,15521596,1114,6.92,147.52,151.15,-0.02,-4.07,-22.97,33.5347187,-82.0255965,12
335347094,-820255913,29,15490504,1111,5.79,146.04,150.33,-0.02,-4.57,-22.97,33.5347094,-82.0255913,12
335347003,-820255858,29,15267116,1081,4.67,144.3,148.28,-0.02,-4.39,-22.97,33.5347003,-82.0255858,12
335346916,-820255802,29,15137034,1074,3.58,142.01,146.52,-0.03,-4.85,-22.97,33.5346916,-82.0255802,12
335346741,-820255687,28,15130732,964,1.44,127.62,145.96,-0.1,-5.35,-26.43,33.5346741,-82.0255687,12
335346602,-820255593,29,14440644,832,136.25,147.28,129.77,0.1,-14.64,-31.78,33.5346602,-82.0255593,13
335346492,-820255491,29,14285002,787,134.71,147.34,145.38,0.01,2.53,-31.78,33.5346492,-82.0255491,13
335346423,-820255437,29,14569834,965,133.79,147.34,149.33,-0.01,3.63,-31.78,33.5346423,-82.0255437,13
335346343,-820255373,28,14490218,1110,132.72,147.35,149.55,-0.01,4.65,-31.78,33.5346343,-82.0255373,13
335346259,-820255305,28,14507648,1142,131.59,147.36,149.5,-0.01,4.42,-31.78,33.5346259,-82.0255305,13
335346172,-820255238,28,14725590,1138,130.44,147.36,150.18,-0.02,2.92,-31.78,33.5346172,-82.0255238,13
335346084,-820255173,29,14798336,1131,129.29,147.35,150.54,-0.02,2.55,-31.78,33.5346084,-82.0255173,13
335345997,-820255109,28,14843912,1127,128.16,147.34,150.55,-0.02,2.11,-31.78,33.5345997,-82.0255109,13
335345908,-820255047,28,14983852,1123,127.02,147.32,149.52,-0.01,-0.32,-31.78,33.5345908,-82.0255047,13
335345820,-820254988,28,15032666,1112,125.9,147.29,149.08,-0.01,-1.25,-31.78,33.534582,-82.0254988,13
335345732,-820254928,28,14999816,1106,124.77,147.26,148.66,-0.01,-1.34,-31.1,33.5345732,-82.0254928,13
335345645,-820254872,28,15118314,1099,123.68,147.22,149.2,-0.01,-1.98,-31.1,33.5345645,-82.0254872,13
335345559,-820254814,28,14897290,1118,122.58,147.19,149.17,-0.01,0.2,-31.1,33.5345559,-82.0254814,13
335345475,-820254753,29,14754338,1104,121.49,147.18,148.6,-0.01,1.06,-31.1,33.5345475,-82.0254753,13
335345391,-820254692,29,14751792,1112,120.4,147.16,147.99,0,0.47,-31.1,33.5345391,-82.0254692,13
335345308,-820254628,29,14621678,1118,119.3,147.16,148.03,0,1.81,-31.1,33.5345308,-82.0254628,13
335345226,-820254560,29,14380108,1125,118.19,147.18,148.26,-0.01,4.46,-31.1,33.5345226,-82.025456,13
335345144,-820254492,29,14579664,1111,117.09,147.19,148.15,-0.01,2.35,-31.1,33.5345144,-82.0254492,13
335345061,-820254424,29,14578136,1108,115.97,147.21,148.56,-0.01,2.78,-31.1,33.5345061,-82.0254424,13
335344977,-820254356,29,14538772,1114,114.84,147.22,149.7,-0.01,4.31,-31.1,33.5344977,-82.0254356,13
335344892,-820254288,29,14570716,1112,113.71,147.23,149.86,-0.01,4.15,-29.69,33.5344892,-82.0254288,13
335344807,-820254224,29,14825060,1093,112.59,147.22,150.07,-0.02,1.82,-29.69,33.5344807,-82.0254224,13
335344720,-820254164,30,14935528,1094,111.47,147.2,149.41,-0.01,0.05,-29.69,33.534472,-82.0254164,13
335344635,-820254102,30,14712364,1105,110.37,147.18,149.41,-0.01,2.28,-29.69,33.5344635,-82.0254102,13
335344549,-820254039,30,14698540,1118,109.25,147.17,150.35,-0.02,3.36,-29.69,33.5344549,-82.0254039,13
335344463,-820253976,30,14702478,1124,108.13,147.15,151.81,-0.03,4.78,-29.69,33.5344463,-82.0253976,13
335344383,-820253919,30,14764160,986,107.09,147.13,149.46,-0.01,1.82,-29.69,33.5344383,-82.0253919,13
335344299,-820253861,30,14842038,1100,106.02,147.1,149.71,-0.01,1.29,-29.69,33.5344299,-82.0253861,13
335344212,-820253802,31,14879226,1128,104.91,147.06,149.06,-0.01,0.27,-29.69,33.5344212,-82.0253802,13
335344121,-820253742,31,15010470,1153,103.76,147.02,148.58,-0.01,-1.53,-29.69,33.5344121,-82.0253742,13
335344030,-820253677,31,14838346,1168,102.58,146.99,148.34,-0.01,-0.05,-29.69,33.534403,-82.0253677,13
335343940,-820253610,30,14729546,1161,101.4,146.98,146.61,0,-0.69,-28.03,33.534394,-82.025361,13
335343852,-820253542,30,14718278,1150,100.24,146.98,147.02,0,-0.16,-28.03,33.5343852,-82.0253542,13
335343765,-820253474,30,14698070,1137,99.08,146.98,147.83,0,0.85,-28.03,33.5343765,-82.0253474,13
335343680,-820253407,30,14663670,1105,97.95,146.98,149.21,-0.01,2.57,-28.03,33.534368,-82.0253407,13
335343594,-820253344,30,14831566,1112,96.83,146.96,151.09,-0.02,2.77,-28.03,33.5343594,-82.0253344,13
335343518,-820253287,31,14714882,950,95.83,146.95,149.41,-0.01,2.26,-28.03,33.5343518,-82.0253287,13
335343439,-820253229,30,14835708,1070,94.8,146.93,150.35,-0.02,1.99,-28.03,33.5343439,-82.0253229,13
335343356,-820253168,31,14823098,1094,93.72,146.92,151.14,-0.02,2.91,-28.03,33.5343356,-82.0253168,13
335343278,-820253110,31,14841688,999,92.7,146.9,148.91,-0.01,0.49,-28.03,33.5343278,-82.025311,13
335343199,-820253051,30,14747008,1059,91.67,146.89,149.54,-0.01,2.07,-28.03,33.5343199,-82.0253051,13
335343120,-820252987,29,14654626,1068,90.61,146.9,147.96,-0.01,1.42,-26.52,33.534312,-82.0252987,13
335343040,-820252922,31,14573334,1060,89.53,146.91,146.81,0,1.08,-26.52,33.534304,-82.0252922,13
335342963,-820252856,31,14470058,1052,88.48,146.94,144.99,0.01,0.29,-26.52,33.5342963,-82.0252856,13
335342885,-820252788,30,14362676,1071,87.41,146.98,142.77,0.02,-0.85,-26.52,33.5342885,-82.0252788,13
335342814,-820252722,29,14208488,965,86.41,147.03,144.53,0.01,2.45,-26.52,33.5342814,-82.0252722,13
335342742,-820252653,30,14109018,1035,85.39,147.1,143.08,0.02,1.99,-26.52,33.5342742,-82.0252653,13
335342673,-820252587,30,14137468,954,84.42,147.16,144.14,0.02,2.77,-26.52,33.5342673,-82.0252587,13
335342602,-820252521,31,14185394,1033,83.42,147.22,142.53,0.03,0.68,-26.52,33.5342602,-82.0252521,13
335342532,-820252460,31,14558782,945,82.46,147.26,144.5,0.02,-1.09,-26.52,33.5342532,-82.025246,13
335342457,-820252395,31,14385134,1056,81.43,147.3,143,0.02,-0.85,-26.52,33.5342457,-82.0252395,13
335342384,-820252334,31,14600702,963,80.44,147.33,145.01,0.01,-0.99,-25.73,33.5342384,-82.0252334,13
335342313,-820252274,31,14496166,979,79.48,147.36,145,0.01,0.04,-25.73,33.5342313,-82.0252274,13
335342234,-820252207,31,14583546,1120,78.4,147.39,144.88,0.01,-0.95,-25.73,33.5342234,-82.0252207,13
335342147,-820252137,31,14574852,1165,77.24,147.41,145.19,0.01,-0.55,-25.73,33.5342147,-82.0252137,13
335342058,-820252065,31,14648014,1191,76.05,147.43,145.37,0.01,-1.11,-25.73,33.5342058,-82.0252065,13
335341966,-820251994,31,14722370,1215,74.83,147.44,145.52,0.01,-1.7,-25.73,33.5341966,-82.0251994,13
335341875,-820251921,31,14527344,1219,73.61,147.46,145.73,0.01,0.46,-25.73,33.5341875,-82.0251921,13
335341783,-820251847,31,14629956,1229,72.38,147.48,145.91,0.01,-0.39,-25.73,33.5341783,-82.0251847,13
335341691,-820251773,31,14628922,1221,71.15,147.5,146.33,0.01,0.04,-25.73,33.5341691,-82.0251773,13
335341601,-820251701,31,14673090,1208,69.94,147.52,147.76,0,1.03,-25.73,33.5341601,-82.0251701,13
335341511,-820251631,31,14721664,1187,68.75,147.53,149.56,-0.01,2.35,-25.73,33.5341511,-82.0251631,13
335341420,-820251564,31,14908242,1176,67.56,147.51,151.16,-0.02,2.08,-25.89,33.534142,-82.0251564,13
335341334,-820251503,31,14914968,1085,66.45,147.48,150.8,-0.02,1.65,-25.89,33.5341334,-82.0251503,13
335341247,-820251441,31,14974738,1141,65.33,147.45,152.82,-0.03,3.08,-25.89,33.5341247,-82.0251441,13
335341165,-820251385,30,15009554,999,64.28,147.4,149.54,-0.01,-0.55,-25.89,33.5341165,-82.0251385,13
335341079,-820251327,31,14980422,1121,63.19,147.35,150.66,-0.02,0.86,-25.89,33.5341079,-82.0251327,13
335340987,-820251267,31,15154242,1152,62.02,147.27,152.51,-0.03,0.97,-25.89,33.5340987,-82.0251267,13
335340904,-820251215,31,15282310,982,60.99,147.18,149.51,-0.01,-3.31,-25.89,33.5340904,-82.0251215,13
335340822,-820251161,31,15057078,1040,59.95,147.11,153.2,-0.03,2.63,-25.89,33.5340822,-82.0251161,13
335340665,-820251062,31,15075314,1000,57.98,146.94,150.49,-0.02,-0.26,-25.89,33.5340665,-82.0251062,13
335340581,-820251008,31,15365260,1077,56.93,146.85,155.24,-0.05,1.59,-25.89,33.5340581,-82.0251008,13
335340427,-820250916,31,14943826,852,55.03,146.61,145.43,0.01,-4.01,-25.02,33.5340427,-82.0250916,13
335340357,-820250867,31,14994132,915,54.13,146.56,146.46,0,-3.48,-25.02,33.5340357,-82.0250867,13
335340277,-820250811,31,14981052,1073,53.1,146.5,150.75,-0.02,0.94,-25.02,33.5340277,-82.0250811,13
335340196,-820250756,31,15053508,1019,52.07,146.42,149.1,-0.01,-1.44,-25.02,33.5340196,-82.0250756,13
335340107,-820250696,30,15055518,1152,50.93,146.33,151.3,-0.03,0.74,-25.02,33.5340107,-82.0250696,13
335340021,-820250637,30,14991890,1054,49.84,146.24,148.54,-0.01,-1.38,-25.02,33.5340021,-82.0250637,13
335339931,-820250575,31,15056026,1170,48.68,146.15,149.14,-0.02,-1.42,-25.02,33.5339931,-82.0250575,13
335339838,-820250510,31,14946008,1182,47.49,146.06,149.97,-0.02,0.51,-25.02,33.5339838,-82.025051,13
335339752,-820250447,31,14799750,1067,46.37,146,148.61,-0.01,0.61,-25.02,33.5339752,-82.0250447,13
335339666,-820250382,31,14765780,1140,45.24,145.95,149.46,-0.02,1.8,-25.02,33.5339666,-82.0250382,13
335339578,-820250315,30,14742932,1163,44.08,145.91,151.73,-0.03,4.3,-25.73,33.5339578,-82.0250315,13
335339495,-820250251,31,14765088,1050,42.98,145.87,147.88,-0.01,0.23,-25.73,33.5339495,-82.0250251,13
335339411,-820250183,31,14568382,1160,41.86,145.87,150.13,-0.02,4.45,-25.73,33.5339411,-82.0250183,13
335339331,-820250116,31,14498010,1031,40.77,145.89,148.81,-0.02,3.83,-25.73,33.5339331,-82.0250116,13
335339248,-820250053,31,14874478,1113,39.68,145.84,151.24,-0.03,2.5,-25.73,33.5339248,-82.0250053,13
335339166,-820249992,31,14871820,1037,38.61,145.78,147.21,-0.01,-1.51,-25.73,33.5339166,-82.0249992,13
335339078,-820249928,31,14824548,1147,37.46,145.68,147.55,-0.01,-0.69,-25.73,33.5339078,-82.0249928,13
335338986,-820249860,31,14863898,1181,36.26,145.6,148.68,-0.02,0.04,-25.73,33.5338986,-82.024986,13
335338890,-820249793,31,14992630,1211,35.03,145.45,149.79,-0.02,-0.13,-25.73,33.533889,-82.0249793,13
335338801,-820249730,31,14883716,1087,33.88,145.31,147.64,-0.01,-1.2,-25.73,33.5338801,-82.024973,13
335338710,-820249663,31,14821992,1184,32.7,145.2,147.62,-0.01,-0.6,-24.55,33.533871,-82.0249663,13
335338615,-820249596,31,14981314,1215,31.48,145.03,148.77,-0.02,-1.04,-24.55,33.5338615,-82.0249596,13
335338523,-820249533,31,15035436,1161,30.3,144.82,147.92,-0.02,-2.43,-24.55,33.5338523,-82.0249533,13
335338429,-820249467,31,14978564,1214,29.1,144.62,149.21,-0.03,-0.58,-24.55,33.5338429,-82.0249467,13
335338341,-820249403,31,14850406,1097,27.96,144.45,146.02,-0.01,-2.48,-24.55,33.5338341,-82.0249403,13
335338252,-820249337,31,14841812,1170,26.79,144.29,146.21,-0.01,-2.21,-24.55,33.5338252,-82.0249337,13
335338163,-820249269,31,14767772,1178,25.62,144.14,147.51,-0.02,-0.17,-24.55,33.5338163,-82.0249269,13
335338072,-820249203,31,14904590,1169,24.44,143.91,149.88,-0.03,0.83,-24.55,33.5338072,-82.0249203,13
335337987,-820249143,31,14921280,1031,23.35,143.65,145.88,-0.01,-3.33,-24.55,33.5337987,-82.0249143,13
335337902,-820249081,31,14753736,1112,22.25,143.4,146.32,-0.02,-1.22,-24.55,33.5337902,-82.0249081,13
335337811,-820249014,31,14805102,1175,21.07,143.11,147.85,-0.03,-0.2,-24.55,33.5337811,-82.0249014,13
335337727,-820248954,31,14904470,1016,19.99,142.78,144.8,-0.01,-4.24,-25.77,33.5337727,-82.0248954,13
335337649,-820248894,30,14634564,1013,18.96,142.53,142.77,0,-3.57,-25.77,33.5337649,-82.0248894,13
335337569,-820248824,30,14247736,1115,17.86,142.45,142.56,0,0.08,-25.77,33.5337569,-82.0248824,13
335337488,-820248750,31,14249166,1151,16.73,142.43,142.9,0,0.41,-25.77,33.5337488,-82.024875,13
335337404,-820248674,31,14281656,1184,15.56,142.39,144.22,-0.01,1.4,-25.77,33.5337404,-82.0248674,13
335337318,-820248597,31,14336476,1211,14.36,142.32,145.15,-0.02,1.79,-25.77,33.5337318,-82.0248597,13
335337230,-820248520,31,14423674,1202,13.15,142.17,146.41,-0.02,2.17,-25.77,33.533723,-82.024852,13
335337148,-820248451,31,14460216,1087,12.04,141.92,144.59,-0.01,-0.01,-25.77,33.5337148,-82.0248451,13
335337062,-820248381,31,14557514,1171,10.89,141.5,144.64,-0.02,-0.93,-25.77,33.5337062,-82.0248381,13
335336975,-820248310,31,14487756,1176,9.72,140.98,145.05,-0.02,0.17,-25.77,33.5336975,-82.024831,13
335336893,-820248242,31,14411438,1083,8.61,140.42,143.48,-0.02,-0.63,-25.77,33.5336893,-82.0248242,13
335336810,-820248173,30,14490238,1141,7.5,139.7,145.2,-0.03,0.29,-26.08,33.533681,-82.0248173,13
335336729,-820248107,30,14521034,1061,6.41,138.66,141.03,-0.01,-4.18,-26.08,33.5336729,-82.0248107,13
335336646,-820248037,31,14341594,1152,5.29,137.33,141.02,-0.02,-2.4,-26.08,33.5336646,-82.0248037,13
335336564,-820247965,30,14326858,1124,4.17,135.59,140.23,-0.03,-3.04,-26.08,33.5336564,-82.0247965,13
335336486,-820247895,29,14257138,1078,3.1,132.93,137.49,-0.03,-5.08,-26.08,33.5336486,-82.0247895,13
335336411,-820247824,29,14040822,1066,2.06,128.41,135.2,-0.04,-5.21,-26.08,33.5336411,-82.0247824,13
335336341,-820247753,29,13947540,1011,1.08,117.66,129.96,-0.07,-9.52,-26.08,33.5336341,-82.0247753,13
335336213,-820247616,29,13542216,890,140.57,139.24,120.65,0.1,-14.77,-30.24,33.5336213,-82.0247616,14
335336099,-820247495,29,14168358,873,138.87,139.25,139.94,0,-1.74,-30.24,33.5336099,-82.0247495,14
335336022,-820247429,30,14322960,1108,137.83,139.21,142.92,-0.02,-0.31,-30.24,33.5336022,-82.0247429,14
335335944,-820247364,30,14384628,1016,136.77,139.17,142.89,-0.02,-0.96,-30.24,33.5335944,-82.0247364,14
335335866,-820247298,31,14331084,1064,135.72,139.12,141.83,-0.02,-1.48,-30.24,33.5335866,-82.0247298,14
335335782,-820247222,29,14248692,1183,134.55,139.09,142.8,-0.02,0.31,-30.24,33.5335782,-82.0247222,14
335335697,-820247145,31,14226458,1168,133.37,139.05,141.32,-0.01,-0.94,-30.24,33.5335697,-82.0247145,14
335335610,-820247066,31,14322840,1219,132.16,139.02,141.13,-0.01,-2.1,-30.24,33.533561,-82.0247066,14
335335522,-820246986,31,14277428,1233,130.93,138.98,141.27,-0.01,-1.5,-30.24,33.5335522,-82.0246986,14
335335432,-820246902,31,14239088,1256,129.67,138.95,144.52,-0.03,2.13,-32.84,33.5335432,-82.0246902,14
335335347,-820246825,30,14331570,1147,128.48,138.92,140.93,-0.01,-2.38,-32.84,33.5335347,-82.0246825,14
335335260,-820246745,30,14237214,1252,127.27,138.88,141.76,-0.02,-0.61,-32.84,33.533526,-82.0246745,14
335335168,-820246661,30,14241018,1284,125.98,138.84,142.79,-0.02,0.38,-32.84,33.5335168,-82.0246661,14
335335079,-820246579,31,14236804,1206,124.74,138.81,141.6,-0.02,-0.77,-32.84,33.5335079,-82.0246579,14
335334987,-820246495,31,14257136,1278,123.46,138.76,142.45,-0.02,-0.12,-32.84,33.5334987,-82.0246495,14
335334897,-820246413,31,14263594,1200,122.2,138.72,141.73,-0.02,-0.91,-32.84,33.5334897,-82.0246413,14
335334806,-820246330,31,14215580,1267,120.93,138.68,142.5,-0.02,0.35,-32.84,33.5334806,-82.024633,14
335334717,-820246247,31,14183978,1217,119.68,138.65,140.8,-0.01,-1.04,-32.84,33.5334717,-82.0246247,14
335334628,-820246162,31,14151290,1269,118.42,138.61,141.7,-0.02,0.19,-32.84,33.5334628,-82.0246162,14
335334537,-820246078,31,14168188,1279,117.14,138.57,142.9,-0.02,1.22,-32.84,33.5334537,-82.0246078,14
335334453,-820245999,31,14205584,1141,115.96,138.54,139.84,-0.01,-2.21,-32.98,33.5334453,-82.0245999,14
335334373,-820245925,31,14222296,1126,114.84,138.5,139.64,-0.01,-2.58,-32.98,33.5334373,-82.0245925,14
335334288,-820245845,31,14092244,1223,113.64,138.47,141.09,-0.01,0.17,-32.98,33.5334288,-82.0245845,14
335334200,-820245760,30,14143106,1263,112.38,138.44,142.43,-0.02,1,-32.98,33.53342,-82.024576,14
335334115,-820245682,30,14178448,1151,111.2,138.39,141.14,-0.02,-0.64,-32.98,33.5334115,-82.0245682,14
335334028,-820245600,31,14131990,1220,109.97,138.35,142.94,-0.03,1.62,-32.98,33.5334028,-82.02456,14
335333944,-820245523,31,14183238,1115,108.8,138.31,139.53,-0.01,-2.3,-32.98,33.5333944,-82.0245523,14
335333860,-820245444,31,14075786,1180,107.61,138.27,138.56,0,-2.19,-32.98,33.533386,-82.0245444,14
335333777,-820245361,31,13908714,1174,106.41,138.25,138.48,0,-0.6,-32.98,33.5333777,-82.0245361,14
335333696,-820245276,31,13806762,1186,105.21,138.24,139.05,0,0.99,-32.98,33.5333696,-82.0245276,14
335333614,-820245191,31,13878224,1182,104.01,138.23,138.52,0,-0.26,-32.98,33.5333614,-82.0245191,14
335333535,-820245106,30,13728416,1172,102.83,138.23,138.82,0,1.54,-33.62,33.5333535,-82.0245106,14
335333457,-820245021,31,13711528,1155,101.65,138.24,138.24,0,1.13,-33.62,33.5333457,-82.0245021,14
335333381,-820244936,30,13630278,1162,100.5,138.25,137.42,0,1.12,-33.62,33.5333381,-82.0244936,14
335333307,-820244850,31,13494566,1138,99.35,138.28,135.85,0.01,0.9,-33.62,33.5333307,-82.024485,14
335333236,-820244762,31,13302840,1143,98.22,138.32,134.99,0.02,1.96,-33.62,33.5333236,-82.0244762,14
335333163,-820244673,31,13409812,1160,97.07,138.37,133.71,0.03,-0.39,-33.62,33.5333163,-82.0244673,14
335333093,-820244593,31,13727364,1017,95.99,138.39,135.47,0.02,-1.8,-33.62,33.5333093,-82.0244593,14
335333023,-820244513,31,13507612,1078,94.92,138.41,133.05,0.03,-2.03,-33.62,33.5333023,-82.0244513,14
335332959,-820244440,31,13644136,914,93.94,138.44,136.38,0.01,-0.06,-33.62,33.5332959,-82.024444,14
335332895,-820244369,31,13643296,975,92.97,138.45,136.01,0.01,-0.42,-33.62,33.5332895,-82.0244369,14
335332829,-820244295,31,13620286,991,91.96,138.46,134.92,0.02,-1.29,-33.43,33.5332829,-82.0244295,14
335332764,-820244217,31,13406490,1018,90.94,138.5,134.23,0.02,0.16,-33.43,33.5332764,-82.0244217,14
335332702,-820244144,31,13548700,955,89.98,138.54,136.03,0.01,0.54,-33.43,33.5332702,-82.0244144,14
335332637,-820244068,31,13532684,1049,88.97,138.57,136.01,0.01,0.68,-33.43,33.5332637,-82.0244068,14
335332569,-820243986,31,13445122,1079,87.9,138.61,136.07,0.01,1.61,-33.43,33.5332569,-82.0243986,14
335332502,-820243903,31,13425070,1094,86.83,138.67,136.16,0.01,1.91,-33.43,33.5332502,-82.0243903,14
335332432,-820243820,31,13501564,1103,85.74,138.71,136.24,0.01,1.22,-33.43,33.5332432,-82.024382,14
335332362,-820243737,31,13473650,1103,84.64,138.75,136.92,0.01,2.18,-33.43,33.5332362,-82.0243737,14
335332290,-820243653,31,13563846,1115,83.53,138.79,137.8,0.01,2.16,-33.43,33.533229,-82.0243653,14
335332217,-820243568,31,13552206,1128,82.4,138.83,137.97,0,2.44,-33.43,33.5332217,-82.0243568,14
335332144,-820243485,31,13643012,1106,81.28,138.87,138.05,0,1.62,-33.43,33.5332144,-82.0243485,14
335332073,-820243402,31,13547906,1096,80.18,138.91,136.98,0.01,1.5,-32.22,33.5332073,-82.0243402,14
335332001,-820243318,31,13534988,1108,79.06,138.95,137.61,0.01,2.26,-32.22,33.5332001,-82.0243318,14
335331928,-820243234,31,13622610,1125,77.94,138.99,138.06,0.01,1.84,-32.22,33.5331928,-82.0243234,14
335331854,-820243151,31,13646548,1133,76.82,139.02,138.35,0,1.89,-32.22,33.5331854,-82.0243151,14
335331779,-820243068,31,13713178,1146,75.68,139.05,137.85,0.01,0.72,-32.22,33.5331779,-82.0243068,14
335331704,-820242985,31,13691698,1141,74.55,139.08,138.66,0,1.75,-32.22,33.5331704,-82.0242985,14
335331629,-820242903,31,13766138,1133,73.42,139.1,139.82,0,2.16,-32.22,33.5331629,-82.0242903,14
335331552,-820242822,31,13859092,1146,72.28,139.1,141.44,-0.01,2.85,-32.22,33.5331552,-82.0242822,14
335331473,-820242742,31,13885512,1146,71.13,139.09,142.99,-0.02,4.14,-32.22,33.5331473,-82.0242742,14
335331399,-820242667,31,14009996,1039,70.05,139.08,141.8,-0.02,1.7,-32.22,33.5331399,-82.0242667,14
335331323,-820242591,31,13879430,1111,68.95,139.06,141.36,-0.01,2.57,-30.14,33.5331323,-82.0242591,14
335331244,-820242511,31,13994826,1148,67.8,139.05,142.67,-0.02,2.72,-30.14,33.5331244,-82.0242511,14
335331166,-820242434,31,13982730,1075,66.68,139.02,142.03,-0.02,2.2,-30.14,33.5331166,-82.0242434,14
335331087,-820242355,31,13969648,1141,65.53,139,142.89,-0.02,3.2,-30.14,33.5331087,-82.0242355,14
335331011,-820242278,31,13988572,1068,64.43,138.99,141.67,-0.01,1.79,-30.14,33.5331011,-82.0242278,14
335330931,-820242199,31,14056524,1171,63.28,138.96,142.53,-0.02,1.97,-30.14,33.5330931,-82.0242199,14
335330848,-820242119,31,14149252,1187,62.09,138.92,143.22,-0.02,1.73,-30.14,33.5330848,-82.0242119,14
335330768,-820242045,31,14172326,1091,60.97,138.85,140.82,-0.01,-0.9,-30.14,33.5330768,-82.0242045,14
335330686,-820241968,31,14165998,1195,59.82,138.79,141.1,-0.01,-0.56,-30.14,33.5330686,-82.0241968,14
335330604,-820241886,31,14018582,1193,58.63,138.77,141.6,-0.02,1.42,-30.14,33.5330604,-82.0241886,14
335330521,-820241804,31,14074296,1196,57.43,138.73,142.64,-0.02,1.9,-30.14,33.5330521,-82.0241804,14
335330444,-820241730,31,14108650,1042,56.34,138.68,138.9,0,-2.18,-28.5,33.5330444,-82.024173,14
335330372,-820241660,31,13981246,1013,55.31,138.64,139.58,-0.01,-0.23,-28.5,33.5330372,-82.024166,14
335330297,-820241584,31,13986776,1127,54.21,138.61,141.91,-0.02,2.05,-28.5,33.5330297,-82.0241584,14
335330215,-820241505,31,14130236,1171,53.05,138.56,145.07,-0.04,3.77,-28.5,33.5330215,-82.0241505,14
335330135,-820241435,31,14401122,1056,51.95,138.44,140.32,-0.01,-3.69,-28.5,33.5330135,-82.0241435,14
335330055,-820241357,31,13975384,1181,50.8,138.39,140.88,-0.01,1.13,-28.5,33.5330055,-82.0241357,14
335329970,-820241271,31,14018988,1270,49.57,138.35,143.63,-0.03,3.44,-28.5,33.532997,-82.0241271,14
335329889,-820241192,31,14149402,1122,48.41,138.29,140.03,-0.01,-1.46,-28.5,33.5329889,-82.0241192,14
335329806,-820241109,31,14019936,1239,47.21,138.24,139.6,-0.01,-0.6,-28.5,33.5329806,-82.0241109,14
335329721,-820241025,31,14017946,1230,45.98,138.18,140.89,-0.02,0.71,-28.5,33.5329721,-82.0241025,14
335329634,-820240940,31,14139020,1254,44.74,138.11,143.68,-0.03,2.29,-28.5,33.5329634,-82.024094,14
335329550,-820240863,31,14380914,1147,43.56,137.98,139.06,-0.01,-4.75,-28.03,33.532955,-82.0240863,14
335329462,-820240791,31,14517546,1194,42.39,137.77,141.67,-0.02,-3.51,-28.03,33.5329462,-82.0240791,14
335329277,-820240637,31,14289570,1236,39.91,137.3,142.67,-0.03,-0.23,-28.03,33.5329277,-82.0240637,14
335329195,-820240567,31,14509418,1052,38.8,137.09,139.01,-0.01,-6.09,-28.03,33.5329195,-82.0240567,14
335329114,-820240494,31,14166730,1143,37.68,136.91,139.36,-0.01,-2.31,-28.03,33.5329114,-82.0240494,14
335329034,-820240411,31,13835644,1175,36.5,136.84,140.82,-0.02,2.46,-28.03,33.5329034,-82.0240411,14
335328961,-820240329,31,13602576,1087,35.39,136.84,139.71,-0.02,3.68,-28.03,33.5328961,-82.0240329,14
335328885,-820240245,31,13814166,1188,34.24,136.82,139.8,-0.02,1.66,-28.03,33.5328885,-82.0240245,14
335328806,-820240158,31,13770896,1216,33.05,136.8,138.18,-0.01,0.47,-28.03,33.5328806,-82.0240158,14
335328727,-820240070,31,13701436,1199,31.85,136.79,136.62,0,-0.4,-28.03,33.5328727,-82.024007,14
335328650,-820239982,31,13674738,1191,30.67,136.8,137.69,0,0.94,-28.93,33.532865,-82.0239982,14
335328573,-820239891,31,13469936,1202,29.46,136.86,139.02,-0.01,4.32,-28.93,33.5328573,-82.0239891,14
335328494,-820239799,31,13582920,1211,28.24,136.9,141.09,-0.02,5.26,-28.93,33.5328494,-82.0239799,14
335328416,-820239711,31,13638744,1173,27.05,136.91,138.33,-0.01,1.94,-28.93,33.5328416,-82.0239711,14
335328335,-820239621,31,13677590,1230,25.82,136.9,138.16,-0.01,1.38,-28.93,33.5328335,-82.0239621,14
335328252,-820239528,31,13620170,1268,24.56,136.89,139.08,-0.01,2.88,-28.93,33.5328252,-82.0239528,14
335328167,-820239435,31,13743236,1269,23.28,136.85,140.56,-0.02,3.13,-28.93,33.5328167,-82.0239435,14
335328089,-820239345,31,13558830,1158,22.07,136.89,140.13,-0.02,4.54,-28.93,33.5328089,-82.0239345,14
335328010,-820239255,31,13736178,1241,20.86,136.92,140.89,-0.02,3.53,-28.93,33.532801,-82.0239255,14
335327934,-820239167,31,13587420,1140,19.69,136.97,139.66,-0.01,3.78,-28.93,33.5327934,-82.0239167,14
335327857,-820239076,31,13575754,1218,18.49,137.07,141.36,-0.02,5.6,-28.93,33.5327857,-82.0239076,14
335327784,-820238991,31,13613396,1088,17.36,137.15,135.37,0.01,-0.77,-25.54,33.5327784,-82.0238991,14
335327713,-820238908,31,13528442,1096,16.25,137.25,136.67,0,1.38,-25.54,33.5327713,-82.0238908,14
335327638,-820238821,31,13699862,1184,15.09,137.35,138.85,-0.01,1.85,-25.54,33.5327638,-82.0238821,14
335327554,-820238734,31,13940256,1240,13.86,137.18,139.63,-0.01,0.23,-25.54,33.5327554,-82.0238734,14
335327469,-820238644,31,13768542,1263,12.6,137.04,141.86,-0.03,4.17,-25.54,33.5327469,-82.0238644,14
335327389,-820238561,31,13901368,1116,11.42,136.83,139.24,-0.01,0.22,-25.54,33.5327389,-82.0238561,14
335327304,-820238477,31,14072314,1261,10.2,136.38,140.8,-0.02,0.07,-25.54,33.5327304,-82.0238477,14
335327221,-820238396,30,13972680,1140,9.02,135.79,138.96,-0.02,-0.77,-25.54,33.5327221,-82.0238396,14
335327136,-820238312,30,13992040,1223,7.8,135.05,141.5,-0.04,1.58,-25.54,33.5327136,-82.0238312,14
335327054,-820238231,30,14147158,1149,6.62,134.07,137.26,-0.02,-4.21,-25.54,33.5327054,-82.0238231,14
335326970,-820238144,30,13798162,1239,5.39,132.9,138.91,-0.03,0.93,-25.54,33.532697,-82.0238144,14
335326893,-820238061,30,13824008,1085,4.25,131.5,133.59,-0.01,-4.65,-25.11,33.5326893,-82.0238061,14
335326822,-820237979,30,13500802,1093,3.15,129.91,133.16,-0.02,-1.85,-25.11,33.5326822,-82.0237979,14
335326747,-820237891,30,13546482,1186,2,126.57,135.58,-0.05,0.12,-25.11,33.5326747,-82.0237891,14
335326674,-820237809,30,13697714,1071,254.77,134.39,131.2,0.02,-5.78,-27.24,33.5326674,-82.0237809,15
335326604,-820237725,30,13188426,1098,253.67,134.39,127.87,0.04,-4.02,-27.24,33.5326604,-82.0237725,15
335326536,-820237641,30,13344632,1069,252.58,134.39,133.46,0.01,0.01,-27.24,33.5326536,-82.0237641,15
335326460,-820237551,30,13461972,1203,251.39,134.39,134.79,0,0.17,-27.24,33.532646,-82.0237551,15
335326380,-820237457,30,13529982,1236,250.15,134.38,135.86,-0.01,0.56,-27.24,33.532638,-82.0237457,15
335326300,-820237363,30,13448352,1228,248.9,134.37,137.18,-0.02,2.69,-27.24,33.53263,-82.0237363,15
335326219,-820237268,30,13541552,1243,247.64,134.37,139.98,-0.03,4.56,-27.24,33.5326219,-82.0237268,15
335326146,-820237182,30,13628932,1084,246.51,134.36,136.49,-0.01,0.2,-27.24,33.5326146,-82.0237182,15
335326072,-820237093,30,13458582,1191,245.34,134.36,136.27,-0.01,1.68,-27.24,33.5326072,-82.0237093,15
335325995,-820237001,30,13557198,1198,244.13,134.36,137.35,-0.02,1.78,-27.24,33.5325995,-82.0237001,15
335325915,-820236909,30,13693462,1236,242.9,134.35,138.57,-0.02,1.63,-27.24,33.5325915,-82.0236909,15
335325839,-820236826,30,13857272,1089,241.76,134.33,135.66,-0.01,-2.91,-26.92,33.5325839,-82.0236826,15
335325759,-820236750,30,14221690,1151,240.63,134.3,139.31,-0.03,-2.91,-26.92,33.5325759,-82.023675,15
335325591,-820236599,30,14141084,1197,238.33,134.21,140.85,-0.04,-0.56,-26.92,33.5325591,-82.0236599,15
335325431,-820236457,30,14258628,1049,236.14,134.12,141.67,-0.04,-0.92,-26.92,33.5325431,-82.0236457,15
335325292,-820236338,30,14209732,893,234.27,134.04,135.32,-0.01,-6.78,-26.92,33.5325292,-82.0236338,15
335325219,-820236264,30,13928392,1142,233.22,134.01,136.36,-0.01,-2.92,-26.92,33.5325219,-82.0236264,15
335325138,-820236183,30,14014350,1180,232.05,133.98,138.65,-0.03,-1.49,-26.92,33.5325138,-82.0236183,15
335325063,-820236108,30,14040204,1049,230.97,133.95,138.11,-0.02,-2.29,-29.56,33.5325063,-82.0236108,15
335325000,-820236042,30,13928672,897,230.04,133.93,136.97,-0.02,-2.32,-29.56,33.5325,-82.0236042,15
335324932,-820235970,30,13911896,1053,229.04,133.91,139.27,-0.03,0.15,-29.56,33.5324932,-82.023597,15
335324865,-820235903,30,14017852,942,228.07,133.89,136.09,-0.01,-4.09,-29.56,33.5324865,-82.0235903,15
335324795,-820235827,30,13738898,1087,227.03,133.87,137.19,-0.02,-0.2,-29.56,33.5324795,-82.0235827,15
335324721,-820235744,30,13666352,1135,225.9,133.85,139.93,-0.03,3.27,-29.56,33.5324721,-82.0235744,15
335324652,-820235665,30,13757066,1009,224.84,133.84,135.64,-0.01,-1.93,-29.56,33.5324652,-82.0235665,15
335324583,-820235582,30,13411500,1103,223.75,133.84,136.74,-0.02,2.63,-29.56,33.5324583,-82.0235582,15
335324510,-820235495,30,13641982,1150,222.61,133.83,138.82,-0.03,2.4,-29.56,33.532451,-82.0235495,15
335324438,-820235413,30,13662768,1074,221.51,133.82,134.73,-0.01,-1.9,-29.56,33.5324438,-82.0235413,15
335324363,-820235327,30,13512868,1184,220.35,133.8,134.89,-0.01,-0.24,-29.56,33.5324363,-82.0235327,15
335324286,-820235238,30,13585324,1201,219.17,133.79,135.97,-0.01,0.12,-29.97,33.5324286,-82.0235238,15
335324207,-820235150,30,13637522,1207,217.97,133.77,137.35,-0.02,0.98,-29.97,33.5324207,-82.023515,15
335324129,-820235064,30,13669474,1196,216.79,133.75,139.11,-0.03,2.42,-29.97,33.5324129,-82.0235064,15
335324055,-820234986,30,13810250,1054,215.7,133.73,135.06,-0.01,-3.04,-29.97,33.5324055,-82.0234986,15
335323980,-820234904,30,13650842,1171,214.58,133.71,134.95,-0.01,-1.56,-29.97,33.532398,-82.0234904,15
335323901,-820234816,30,13658726,1197,213.38,133.69,136.06,-0.01,-0.53,-29.97,33.5323901,-82.0234816,15
335323822,-820234728,30,13612456,1176,212.18,133.67,138.05,-0.02,1.93,-29.97,33.5323822,-82.0234728,15
335323751,-820234647,30,13613710,1033,211.09,133.65,135.67,-0.01,-0.47,-29.97,33.5323751,-82.0234647,15
335323678,-820234561,30,13520056,1162,209.96,133.64,136.87,-0.02,1.67,-29.97,33.5323678,-82.0234561,15
335323601,-820234470,30,13496866,1200,208.75,133.63,138.33,-0.03,3.36,-29.97,33.5323601,-82.023447,15
335323529,-820234386,30,13603968,1054,207.64,133.62,133.94,0,-2.1,-29.48,33.5323529,-82.0234386,15
335323463,-820234306,30,13393500,1022,206.59,133.62,133.17,0,-0.76,-29.48,33.5323463,-82.0234306,15
335323395,-820234218,30,13224940,1136,205.48,133.62,133.44,0,1.19,-29.48,33.5323395,-82.0234218,15
335323322,-820234123,30,13279938,1193,204.28,133.63,133.07,0,0.27,-29.48,33.5323322,-82.0234123,15
335323248,-820234028,30,13303424,1200,203.08,133.63,131.52,0.01,-1.51,-29.48,33.5323248,-82.0234028,15
335323173,-820233930,30,13276832,1219,201.85,133.64,129.53,0.02,-3.24,-29.48,33.5323173,-82.023393,15
335323104,-820233840,30,13283366,1089,200.71,133.64,130.97,0.01,-1.86,-29.48,33.5323104,-82.023384,15
335323034,-820233750,30,13192888,1163,199.57,133.65,130.25,0.02,-1.68,-29.48,33.5323034,-82.023375,15
335322962,-820233657,30,13198424,1170,198.39,133.65,130.37,0.02,-1.61,-29.48,33.5322962,-82.0233657,15
335322891,-820233563,30,13069888,1186,197.22,133.66,130.49,0.02,-0.21,-29.48,33.5322891,-82.0233563,15
335322817,-820233468,30,13302978,1207,196.01,133.66,130.95,0.02,-2.08,-29.48,33.5322817,-82.0233468,15
335322742,-820233374,30,13235416,1217,194.81,133.66,132.94,0,0.58,-30.72,33.5322742,-82.0233374,15
335322667,-820233281,30,13409100,1203,193.61,133.66,133.82,0,-0.27,-30.72,33.5322667,-82.0233281,15
335322590,-820233187,30,13387470,1229,192.39,133.65,135.44,-0.01,1.56,-30.72,33.532259,-82.0233187,15
335322513,-820233094,30,13512900,1225,191.17,133.65,137.92,-0.02,2.79,-30.72,33.5322513,-82.0233094,15
335322441,-820233010,30,13588136,1085,190.05,133.63,136.17,-0.01,0.29,-30.72,33.5322441,-82.023301,15
335322367,-820232929,30,13808744,1125,188.94,133.61,137.36,-0.02,-0.73,-30.72,33.5322367,-82.0232929,15
335322299,-820232862,30,14207200,923,187.97,133.57,136.97,-0.02,-5.11,-30.72,33.5322299,-82.0232862,15
335322227,-820232793,30,13978022,1066,186.96,133.53,141.63,-0.04,1.85,-30.72,33.5322227,-82.0232793,15
335322083,-820232644,30,13541530,1096,184.85,133.47,131.63,0.01,-3.79,-30.72,33.5322083,-82.0232644,15
335322010,-820232555,30,13342920,1141,183.69,133.46,130.39,0.02,-3.04,-30.72,33.532201,-82.0232555,15
335321939,-820232462,30,13197944,1157,182.52,133.47,130.48,0.02,-1.5,-31.3,33.5321939,-82.0232462,15
335321869,-820232370,30,13181160,1139,181.37,133.47,129,0.02,-2.81,-31.3,33.5321869,-82.023237,15
335321804,-820232282,30,13186120,1041,180.28,133.48,131.2,0.01,-0.66,-31.3,33.5321804,-82.0232282,15
335321740,-820232194,30,13108480,1119,179.2,133.5,130.05,0.02,-1.03,-31.3,33.532174,-82.0232194,15
335321673,-820232103,30,13181458,1130,178.07,133.51,129.31,0.02,-2.5,-31.3,33.5321673,-82.0232103,15
335321609,-820232020,30,13283048,1020,177.03,133.52,132.17,0.01,-0.66,-31.3,33.5321609,-82.023202,15
335321545,-820231940,30,13465490,1046,176,133.51,134.66,-0.01,0.01,-31.3,33.5321545,-82.023194,15
335321479,-820231861,30,13556968,1056,174.96,133.51,137.05,-0.02,1.48,-31.3,33.5321479,-82.0231861,15
335321406,-820231782,30,13764452,1103,173.87,133.48,140.65,-0.04,3.01,-31.3,33.5321406,-82.0231782,15
335321286,-820231694,31,16131866,503,172.36,133.34,140.22,-0.04,-21.1,-31.82,33.5321286,-82.0231694,15
335321167,-820231629,31,13944294,705,171.01,133.16,133.12,0,-6.32,-31.82,33.5321167,-82.0231629,15
335321104,-820231560,31,13754848,1037,170.07,133.13,132.92,0,-4.63,-31.82,33.5321104,-82.023156,15
335321030,-820231478,31,13590154,1158,168.95,133.11,134.3,-0.01,-1.6,-31.82,33.532103,-82.0231478,15
335320955,-820231390,31,13483266,1168,167.79,133.09,136.04,-0.02,1.21,-31.82,33.5320955,-82.023139,15
335320881,-820231299,30,13331406,1187,166.61,133.08,136.37,-0.02,3.06,-31.82,33.5320881,-82.0231299,15
335320808,-820231203,30,13166240,1194,165.4,133.08,136.33,-0.02,4.67,-31.82,33.5320808,-82.0231203,15
335320738,-820231107,30,13067250,1186,164.22,133.1,136.56,-0.02,5.89,-31.82,33.5320738,-82.0231107,15
335320668,-820231010,30,13104672,1187,163.03,133.11,136.67,-0.02,5.62,-31.82,33.5320668,-82.023101,15
335320595,-820230913,30,13214762,1205,161.82,133.12,138.6,-0.03,6.45,-33.25,33.5320595,-82.0230913,15
335320527,-820230823,30,13147648,1060,160.69,133.13,134.85,-0.01,3.37,-33.25,33.5320527,-82.0230823,15
335320459,-820230730,30,13078832,1169,159.55,133.14,135.37,-0.01,4.58,-33.25,33.5320459,-82.023073,15
335320389,-820230634,30,13120314,1156,158.37,133.16,136.51,-0.02,5.31,-33.25,33.5320389,-82.0230634,15
335320315,-820230540,30,13341380,1182,157.17,133.16,138.72,-0.03,5.31,-33.25,33.5320315,-82.023054,15
335320246,-820230454,30,13429470,1065,156.06,133.15,134.02,0,-0.27,-33.25,33.5320246,-82.0230454,15
335320177,-820230366,30,13181224,1142,154.94,133.15,132.9,0,1.09,-33.25,33.5320177,-82.0230366,15
335320107,-820230272,30,13107436,1167,153.77,133.16,132.86,0,1.79,-33.25,33.5320107,-82.0230272,15
335320037,-820230177,30,13158886,1183,152.6,133.17,133.2,0,1.61,-33.25,33.5320037,-82.0230177,15
335319967,-820230080,30,13006934,1196,151.41,133.19,133.61,0,3.54,-33.25,33.5319967,-82.023008,15
335319898,-820229985,30,13057684,1158,150.24,133.21,129.67,0.02,-0.9,-29.97,33.5319898,-82.0229985,15
335319831,-820229889,30,12902042,1163,149.08,133.23,128.72,0.03,-0.3,-29.97,33.5319831,-82.0229889,15
335319767,-820229796,30,12954832,1072,147.97,133.26,131.59,0.01,2.04,-29.97,33.5319767,-82.0229796,15
335319703,-820229703,30,12965490,1128,146.85,133.29,132.79,0,3.14,-29.97,33.5319703,-82.0229703,15
335319636,-820229610,30,13082896,1144,145.71,133.31,133.87,0,3.04,-29.97,33.5319636,-82.022961,15
335319567,-820229517,30,13175258,1159,144.56,133.32,134.53,-0.01,2.78,-29.97,33.5319567,-82.0229517,15
335319496,-820229424,30,13253068,1182,143.39,133.33,135.86,-0.01,3.33,-29.97,33.5319496,-82.0229424,15
335319421,-820229326,30,13334872,1251,142.16,133.33,137.08,-0.02,3.73,-29.97,33.5319421,-82.0229326,15
335319347,-820229233,30,13317276,1178,140.96,133.33,136.29,-0.02,3.12,-29.97,33.5319347,-82.0229233,15
335319272,-820229136,30,13258120,1258,139.74,133.34,137.08,-0.02,4.5,-29.97,33.5319272,-82.0229136,15
335319203,-820229045,30,13165252,1113,138.6,133.34,133.32,0,1.67,-27.52,33.5319203,-82.0229045,15
335319136,-820228958,30,13265150,1105,137.5,133.35,133.88,0,1.23,-27.52,33.5319136,-82.0228958,15
335319063,-820228866,30,13347326,1216,136.32,133.35,134.36,-0.01,0.89,-27.52,33.5319063,-82.0228866,15
335318986,-820228772,30,13474726,1227,135.1,133.34,134.62,-0.01,-0.12,-27.52,33.5318986,-82.0228772,15
335318908,-820228677,30,13502888,1233,133.86,133.33,134.01,0,-1.02,-27.52,33.5318908,-82.0228677,15
335318831,-820228584,30,13398902,1193,132.65,133.31,133.39,0,-0.6,-27.52,33.5318831,-82.0228584,15
335318758,-820228492,30,13362534,1168,131.47,133.31,132.83,0,-0.79,-27.52,33.5318758,-82.0228492,15
335318688,-820228404,30,13261392,1086,130.34,133.31,133.57,0,0.96,-27.52,33.5318688,-82.0228404,15
335318620,-820228319,30,13376574,1076,129.25,133.3,135.11,-0.01,1.35,-27.52,33.531862,-82.0228319,15
335318553,-820228237,30,13394362,1059,128.19,133.29,136.18,-0.02,2.24,-27.52,33.5318553,-82.0228237,15
335318486,-820228155,30,13474418,1071,127.12,133.28,138.52,-0.03,3.78,-27.52,33.5318486,-82.0228155,15
335318424,-820228084,30,13630676,923,126.17,133.26,133.91,0,-2.4,-26.65,33.5318424,-82.0228084,15
335318365,-820228011,30,13347950,963,125.23,133.25,133.32,0,-0.16,-26.65,33.5318365,-82.0228011,15
335318298,-820227932,30,13560652,1104,124.18,133.24,134.26,-0.01,-1.35,-26.65,33.5318298,-82.0227932,15
335318223,-820227850,30,13808058,1142,123.06,133.2,134.35,-0.01,-3.73,-26.65,33.5318223,-82.022785,15
335318147,-820227767,30,13735592,1148,121.92,133.15,135.07,-0.01,-2.28,-26.65,33.5318147,-82.0227767,15
335318069,-820227685,30,13879548,1162,120.77,133.1,136.14,-0.02,-2.65,-26.65,33.5318069,-82.0227685,15
335317988,-820227603,30,13986512,1170,119.6,133.03,137.23,-0.02,-2.63,-26.65,33.5317988,-82.0227603,15
335317913,-820227527,30,13984382,1035,118.52,132.97,135.44,-0.01,-4.4,-26.65,33.5317913,-82.0227527,15
335317834,-820227448,30,14083426,1171,117.38,132.9,136.33,-0.02,-4.5,-26.65,33.5317834,-82.0227448,15
335317748,-820227364,30,14104726,1232,116.16,132.82,138.05,-0.03,-3,-26.65,33.5317748,-82.0227364,15
335317665,-820227281,30,13979610,1175,114.97,132.74,135.27,-0.01,-4.52,-26.65,33.5317665,-82.0227281,15
335317583,-820227196,31,13921356,1217,113.77,132.67,140.64,-0.04,1.42,-29.53,33.5317583,-82.0227196,15
335317505,-820227118,31,14029878,1091,112.65,132.6,134.28,-0.01,-6.02,-29.53,33.5317505,-82.0227118,15
335317428,-820227028,31,13408576,1245,111.46,132.56,134.12,-0.01,0.03,-29.53,33.5317428,-82.0227028,15
335317346,-820226928,31,13425648,1333,110.16,132.54,136.22,-0.02,1.96,-29.53,33.5317346,-82.0226928,15
335317266,-820226830,31,13438404,1264,108.89,132.52,135.28,-0.02,0.89,-29.53,33.5317266,-82.022683,15
335317185,-820226733,31,13490776,1281,107.61,132.49,136.3,-0.02,1.39,-29.53,33.5317185,-82.0226733,15
335317109,-820226640,31,13431324,1163,106.41,132.47,135.84,-0.02,1.52,-29.53,33.5317109,-82.022664,15
335317029,-820226547,31,13629376,1268,105.17,132.43,139.31,-0.04,3.01,-29.53,33.5317029,-82.0226547,15
335316951,-820226460,31,13775806,1118,103.99,132.37,134.62,-0.01,-3.14,-29.53,33.5316951,-82.022646,15
335316876,-820226370,31,13386362,1191,102.81,132.34,134.78,-0.01,0.91,-29.53,33.5316876,-82.022637,15
335316797,-820226276,31,13605304,1229,101.57,132.31,135.93,-0.02,-0.13,-29.33,33.5316797,-82.0226276,15
335316720,-820226189,31,13703094,1144,100.4,132.26,134.84,-0.01,-2.19,-29.33,33.531672,-82.0226189,15
335316642,-820226101,31,13607070,1214,99.21,132.2,135.91,-0.02,-0.16,-29.33,33.5316642,-82.0226101,15
335316569,-820226018,31,13608542,1071,98.1,132.15,135.5,-0.02,-0.59,-29.33,33.5316569,-82.0226018,15
335316492,-820225928,31,13520084,1235,96.91,132.11,136.35,-0.02,1.15,-29.33,33.5316492,-82.0225928,15
335316417,-820225836,31,13308960,1169,95.71,132.08,133.68,-0.01,0.59,-29.33,33.5316417,-82.0225836,15
335316344,-820225742,31,13222944,1204,94.52,132.07,134.25,-0.01,2.02,-29.33,33.5316344,-82.0225742,15
335316268,-820225645,31,13271732,1222,93.29,132.05,134.83,-0.02,2.11,-29.33,33.5316268,-82.0225645,15
335316191,-820225546,31,13240846,1246,92.03,132.04,134.73,-0.01,2.32,-29.33,33.5316191,-82.0225546,15
335316114,-820225445,31,13257696,1268,90.76,132.03,134.72,-0.01,2.14,-29.33,33.5316114,-82.0225445,15
335316036,-820225343,31,13144386,1267,89.48,132.03,135.18,-0.02,3.73,-29.33,33.5316036,-82.0225343,15
335315961,-820225239,31,13085822,1270,88.21,132.04,135.25,-0.02,4.39,-28.33,33.5315961,-82.0225239,15
335315886,-820225136,31,13051084,1266,86.94,132.06,136.12,-0.02,5.61,-28.33,33.5315886,-82.0225136,15
335315815,-820225036,31,13032142,1183,85.72,132.08,134.77,-0.01,4.45,-28.33,33.5315815,-82.0225036,15
335315743,-820224938,31,13218552,1241,84.51,132.09,135.5,-0.02,3.31,-28.33,33.5315743,-82.0224938,15
335315666,-820224840,31,13360880,1241,83.26,132.07,136.39,-0.02,2.78,-28.33,33.5315666,-82.022484,15
335315589,-820224744,31,13319748,1233,82.03,132.04,134.82,-0.02,1.62,-28.33,33.5315589,-82.0224744,15
335315503,-820224641,31,13537856,1407,80.68,131.99,137.48,-0.03,2.1,-28.33,33.5315503,-82.0224641,15
335315415,-820224540,31,13578456,1324,79.33,131.92,134.39,-0.01,-1.4,-28.33,33.5315415,-82.022454,15
335315327,-820224435,31,13464408,1396,77.95,131.86,136.07,-0.02,1.42,-28.33,33.5315327,-82.0224435,15
335315243,-820224331,31,13283722,1288,76.61,131.83,134.61,-0.02,1.77,-28.33,33.5315243,-82.0224331,15
335315158,-820224226,31,13410544,1352,75.25,131.78,133.48,-0.01,-0.62,-25.72,33.5315158,-82.0224226,15
335315070,-820224122,31,13570460,1351,73.88,131.72,134.94,-0.02,-0.76,-25.72,33.531507,-82.0224122,15
335314981,-820224018,31,13574148,1351,72.5,131.64,136.08,-0.02,0.34,-25.72,33.5314981,-82.0224018,15
335314898,-820223919,31,13487092,1233,71.2,131.57,133.95,-0.01,-0.92,-25.72,33.5314898,-82.0223919,15
335314813,-820223819,31,13537148,1334,69.88,131.5,134.34,-0.02,-1.03,-25.72,33.5314813,-82.0223819,15
335314725,-820223714,31,13447252,1375,68.5,131.43,135,-0.02,0.53,-25.72,33.5314725,-82.0223714,15
335314636,-820223609,31,13585274,1397,67.12,131.34,135.94,-0.03,0.09,-25.72,33.5314636,-82.0223609,15
335314552,-820223507,31,13398028,1298,65.79,131.27,132.53,-0.01,-1.45,-25.72,33.5314552,-82.0223507,15
335314468,-820223402,31,13342790,1349,64.44,131.22,132.09,0,-1.34,-25.72,33.5314468,-82.0223402,15
335314385,-820223299,31,13291542,1314,63.12,131.16,132.26,-0.01,-0.65,-25.72,33.5314385,-82.0223299,15
335314303,-820223195,31,13294606,1320,61.79,131.11,133.89,-0.02,0.95,-26.3,33.5314303,-82.0223195,15
335314221,-820223095,31,13446048,1285,60.49,131.04,134.7,-0.02,0.24,-26.3,33.5314221,-82.0223095,15
335314144,-820223002,31,13372592,1172,59.28,130.96,133.93,-0.02,0.21,-26.3,33.5314144,-82.0223002,15
335314067,-820222909,31,13425574,1223,58.07,130.88,133.98,-0.02,-0.27,-26.3,33.5314067,-82.0222909,15
335313989,-820222815,31,13446908,1224,56.84,130.8,133.36,-0.01,-1.11,-26.3,33.5313989,-82.0222815,15
335313911,-820222720,31,13316448,1233,55.61,130.71,131.77,-0.01,-1.39,-26.3,33.5313911,-82.022272,15
335313834,-820222621,31,13271224,1247,54.35,130.66,131.43,0,-1.28,-26.3,33.5313834,-82.0222621,15
335313758,-820222520,31,13159052,1265,53.09,130.63,132.52,-0.01,0.93,-26.3,33.5313758,-82.022252,15
335313679,-820222417,31,13210864,1302,51.79,130.58,134.46,-0.02,2.35,-26.3,33.5313679,-82.0222417,15
335313605,-820222316,31,13072818,1215,50.55,130.56,133.23,-0.01,2.51,-26.3,33.5313605,-82.0222316,15
335313529,-820222214,31,13225018,1296,49.28,130.53,133.91,-0.02,1.66,-25.99,33.5313529,-82.0222214,15
335313451,-820222110,31,13099180,1301,47.98,130.49,135.71,-0.03,4.72,-25.99,33.5313451,-82.022211,15
335313377,-820222011,31,13114106,1193,46.75,130.45,132.22,-0.01,1.08,-25.99,33.5313377,-82.0222011,15
335313303,-820221910,31,13103152,1266,45.5,130.43,133.02,-0.01,1.99,-25.99,33.5313303,-82.022191,15
335313227,-820221808,31,13179536,1258,44.24,130.39,134.1,-0.02,2.3,-25.99,33.5313227,-82.0221808,15
335313153,-820221713,31,13311308,1165,43.03,130.31,132.69,-0.01,-0.42,-25.99,33.5313153,-82.0221713,15
335313075,-820221618,31,13439176,1255,41.8,130.19,132.64,-0.01,-1.75,-25.99,33.5313075,-82.0221618,15
335312996,-820221521,31,13408502,1244,40.54,130.06,132.52,-0.01,-1.57,-25.99,33.5312996,-82.0221521,15
335312916,-820221424,31,13476426,1272,39.28,129.91,132.64,-0.02,-2.13,-25.99,33.5312916,-82.0221424,15
335312835,-820221328,31,13504192,1268,38.02,129.73,132,-0.01,-3.04,-25.99,33.5312835,-82.0221328,15
335312754,-820221232,31,13551902,1276,36.76,129.54,130.79,-0.01,-4.73,-25.99,33.5312754,-82.0221232,15
335312674,-820221135,31,13348844,1277,35.5,129.35,130.37,-0.01,-3.12,-26.16,33.5312674,-82.0221135,15
335312594,-820221037,31,13382108,1272,34.24,129.16,130.65,-0.01,-3.17,-26.16,33.5312594,-82.0221037,15
335312514,-820220938,31,13302466,1280,32.96,128.97,131,-0.01,-2.02,-26.16,33.5312514,-82.0220938,15
335312434,-820220838,31,13396782,1295,31.68,128.78,130.3,-0.01,-3.67,-26.16,33.5312434,-82.0220838,15
335312355,-820220735,31,13184094,1290,30.39,128.61,130.21,-0.01,-1.63,-26.16,33.5312355,-82.0220735,15
335312277,-820220633,31,13238348,1269,29.11,128.44,130.14,-0.01,-2.24,-26.16,33.5312277,-82.0220633,15
335312199,-820220531,31,13217114,1273,27.83,128.25,130.69,-0.01,-1.48,-26.16,33.5312199,-82.0220531,15
335312122,-820220431,31,13297530,1246,26.57,128.04,129.48,-0.01,-3.49,-26.16,33.5312122,-82.0220431,15
335312050,-820220333,31,13138640,1195,25.36,127.88,128.35,0,-3.03,-26.16,33.531205,-82.0220333,15
335311979,-820220238,31,13178154,1166,24.18,127.68,126.62,0.01,-5.16,-26.16,33.5311979,-82.0220238,15
335311911,-820220144,31,13052826,1143,23.03,127.52,126.76,0,-3.77,-29.06,33.5311911,-82.0220144,15
335311846,-820220050,31,12834972,1126,21.9,127.41,125.85,0.01,-2.5,-29.06,33.5311846,-82.022005,15
335311786,-820219955,31,12655684,1105,20.79,127.42,125.87,0.01,-0.68,-29.06,33.5311786,-82.0219955,15
335311726,-820219859,31,12674448,1122,19.68,127.45,124.89,0.01,-1.85,-29.06,33.5311726,-82.0219859,15
335311670,-820219762,31,12355744,1100,18.59,127.62,125.99,0.01,2.44,-29.06,33.531167,-82.0219762,15
335311614,-820219661,31,12421482,1142,17.47,127.87,128.9,-0.01,4.69,-29.06,33.5311614,-82.0219661,15
335311551,-820219560,31,12794280,1186,16.3,127.95,129.14,-0.01,1.2,-29.06,33.5311551,-82.021956,15
335311485,-820219458,31,12749784,1203,15.1,127.96,129.68,-0.01,2.19,-29.06,33.5311485,-82.0219458,15
335311418,-820219352,31,12705238,1236,13.87,128.03,129.95,-0.01,2.9,-29.06,33.5311418,-82.0219352,15
335311351,-820219246,31,12766618,1221,12.63,128.11,129.92,-0.01,2.26,-29.06,33.5311351,-82.0219246,15
335311285,-820219143,31,12763320,1194,11.43,128.17,128.47,0,0.83,-28.38,33.5311285,-82.0219143,15
335311222,-820219040,31,12490366,1170,10.24,128.39,126.91,0.01,2,-28.38,33.5311222,-82.021904,15
335311163,-820218936,31,12315756,1167,9.08,128.93,125.96,0.02,2.8,-28.38,33.5311163,-82.0218936,15
335311108,-820218834,31,12214378,1129,7.96,129.78,126.47,0.02,4.32,-28.38,33.5311108,-82.0218834,15
335311052,-820218738,31,12535122,1086,6.88,130.53,128.44,0.01,3.08,-28.38,33.5311052,-82.0218738,15
335310995,-820218648,31,12735312,1032,5.83,131.13,131.64,0,4.28,-28.38,33.5310995,-82.0218648,15
335310937,-820218565,31,13001576,1007,4.83,131.37,133.49,-0.01,3.47,-28.38,33.5310937,-82.0218565,15
335310880,-820218482,31,12939446,997,3.83,131.85,135.43,-0.02,6.03,-28.38,33.531088,-82.0218482,15
335310819,-820218402,31,13387270,991,2.83,131.64,137.09,-0.03,3.21,-28.38,33.5310819,-82.0218402,15
335310761,-820218337,31,13749220,823,1.95,129.25,131.7,-0.01,-5.8,-28.38,33.5310761,-82.0218337,15
335310711,-820218278,31,13540890,738,133.97,139.91,127.45,0.07,-7.96,-25.95,33.5310711,-82.0218278,16
335310630,-820218164,31,13413950,730,132.6,140,141.58,-0.01,7.44,-25.95,33.531063,-82.0218164,16
335310572,-820218100,31,13749190,927,131.72,140.02,143.27,-0.02,5.78,-25.95,33.5310572,-82.02181,16
335310507,-820218030,31,13796060,987,130.75,140.04,143.44,-0.02,5.48,-25.95,33.5310507,-82.021803,16
335310440,-820217956,31,13760188,1025,129.74,140.06,145.15,-0.03,7.55,-25.95,33.531044,-82.0217956,16
335310379,-820217890,31,13723318,869,128.83,140.07,141.76,-0.01,4.53,-25.95,33.5310379,-82.021789,16
335310314,-820217822,31,13917968,982,127.87,140.08,141.4,-0.01,2.22,-25.95,33.5310314,-82.0217822,16
335310248,-820217752,31,13817504,984,126.89,140.09,140.32,0,2.14,-25.95,33.5310248,-82.0217752,16
335310184,-820217682,31,13808984,960,125.93,140.11,140.46,0,2.37,-25.95,33.5310184,-82.0217682,16
335310120,-820217610,31,13664134,958,124.95,140.14,138.4,0.01,1.76,-22.66,33.531012,-82.021761,16
335310053,-820217539,31,14106260,966,123.96,140.15,136.71,0.02,-4.35,-22.66,33.5310053,-82.0217539,16
335309986,-820217468,31,13847270,1001,122.96,140.16,134.5,0.03,-3.97,-22.66,33.5309986,-82.0217468,16
335309925,-820217397,31,13512236,935,122.02,140.2,137.86,0.01,2.74,-22.66,33.5309925,-82.0217397,16
335309861,-820217321,31,13639526,1019,121.02,140.24,138.4,0.01,2,-22.66,33.5309861,-82.0217321,16
335309793,-820217242,31,13538536,1045,119.97,140.27,139.95,0,4.56,-22.66,33.5309793,-82.0217242,16
335309725,-820217167,31,13742178,1025,118.95,140.3,142.2,-0.01,4.78,-22.66,33.5309725,-82.0217167,16
335309654,-820217097,31,14128854,1011,117.93,140.3,143.21,-0.02,1.92,-22.66,33.5309654,-82.0217097,16
335309583,-820217032,31,14214484,980,116.93,140.28,143.3,-0.02,1.15,-22.66,33.5309583,-82.0217032,16
335309511,-820216969,31,14385354,998,115.94,140.25,142.75,-0.01,-1.1,-22.66,33.5309511,-82.0216969,16
335309438,-820216905,31,14278676,1008,114.94,140.21,142.9,-0.01,0.11,-22.66,33.5309438,-82.0216905,16
335309363,-820216838,31,14262040,1042,113.9,140.19,143.29,-0.02,0.67,-21.79,33.5309363,-82.0216838,16
335309286,-820216769,31,14305134,1066,112.83,140.16,144.82,-0.03,1.76,-21.79,33.5309286,-82.0216769,16
335309213,-820216701,31,14197324,998,111.81,140.14,141.7,-0.01,-0.28,-21.79,33.5309213,-82.0216701,16
335309138,-820216629,31,14179870,1084,110.74,140.13,141.69,-0.01,-0.11,-21.79,33.5309138,-82.0216629,16
335309062,-820216556,31,14113608,1064,109.66,140.11,142.43,-0.01,1.29,-21.79,33.5309062,-82.0216556,16
335308989,-820216486,31,14093682,1014,108.62,140.1,141.88,-0.01,0.94,-21.79,33.5308989,-82.0216486,16
335308917,-820216417,31,14189088,1025,107.59,140.09,140.67,0,-1.22,-21.79,33.5308917,-82.0216417,16
335308844,-820216348,31,13939680,1030,106.56,140.07,140.24,0,0.84,-21.79,33.5308844,-82.0216348,16
335308774,-820216276,31,13879620,1026,105.53,140.08,139.75,0,0.95,-21.79,33.5308774,-82.0216276,16
335308702,-820216203,31,13876626,1047,104.48,140.08,139.64,0,0.87,-21.79,33.5308702,-82.0216203,16
335308632,-820216130,31,13821380,1026,103.45,140.09,139.6,0,1.38,-21.22,33.5308632,-82.021613,16
335308560,-820216059,31,14110478,1035,102.42,140.09,138.88,0.01,-2.23,-21.22,33.530856,-82.0216059,16
335308489,-820215990,31,14037858,1011,101.4,140.08,138.12,0.01,-2.26,-21.22,33.5308489,-82.021599,16
335308420,-820215915,31,13791002,1021,100.37,140.1,138.9,0.01,0.99,-21.22,33.530842,-82.0215915,16
335308352,-820215843,31,13971970,1004,99.36,140.12,138.94,0.01,-0.78,-21.22,33.5308352,-82.0215843,16
335308283,-820215776,31,14158064,964,98.37,140.11,138.93,0.01,-2.65,-21.22,33.5308283,-82.0215776,16
335308214,-820215708,31,14066786,984,97.38,140.11,139.18,0.01,-1.49,-21.22,33.5308214,-82.0215708,16
335308144,-820215642,31,14289812,981,96.39,140.09,138.92,0.01,-3.98,-21.22,33.5308144,-82.0215642,16
335308076,-820215576,31,13985126,963,95.41,140.08,140.13,0,0.27,-21.22,33.5308076,-82.0215576,16
335308009,-820215512,31,14234982,944,94.46,140.06,141,-0.01,-1.35,-21.22,33.5308009,-82.0215512,16
335307941,-820215450,31,14173060,946,93.51,140.04,141.33,-0.01,-0.4,-21.22,33.5307941,-82.021545,16
335307872,-820215389,31,14418744,968,92.56,140,142.08,-0.01,-2.1,-22.35,33.5307872,-82.0215389,16
335307801,-820215326,31,14283668,996,91.58,139.96,140.79,0,-2.04,-22.35,33.5307801,-82.0215326,16
335307728,-820215259,31,14130084,1034,90.56,139.93,140.58,0,-0.72,-22.35,33.5307728,-82.0215259,16
335307654,-820215188,31,14106388,1070,89.51,139.92,140.69,0,-0.37,-22.35,33.5307654,-82.0215188,16
335307579,-820215115,31,14116968,1093,88.43,139.9,139.33,0,-1.84,-22.35,33.5307579,-82.0215115,16
335307504,-820215035,30,13810200,1126,87.32,139.92,139.66,0,1.56,-22.35,33.5307504,-82.0215035,16
335307428,-820214951,30,13784182,1149,86.17,139.96,140.3,0,2.46,-22.35,33.5307428,-82.0214951,16
335307352,-820214867,30,13828784,1159,85.02,139.99,140.94,-0.01,2.66,-22.35,33.5307352,-82.0214867,16
335307275,-820214784,30,13834794,1135,83.87,140.02,142.17,-0.01,3.83,-22.35,33.5307275,-82.0214784,16
335307199,-820214706,30,13967546,1122,82.76,140.03,144.96,-0.03,5.29,-22.35,33.5307199,-82.0214706,16
335307132,-820214635,30,13655028,953,81.76,140.05,140.97,-0.01,4.42,-21.48,33.5307132,-82.0214635,16
335307070,-820214563,30,13550054,987,80.81,140.09,141.96,-0.01,6.46,-21.48,33.530707,-82.0214563,16
335306999,-820214487,30,13855954,1091,79.75,140.12,145.45,-0.03,6.89,-21.48,33.5306999,-82.0214487,16
335306925,-820214422,30,14468984,1000,78.73,140.07,142.04,-0.01,-2.65,-21.48,33.5306925,-82.0214422,16
335306848,-820214356,30,14438402,1074,77.68,140.01,143.35,-0.02,-1.03,-21.48,33.5306848,-82.0214356,16
335306769,-820214291,30,14630062,1061,76.62,139.94,146.78,-0.04,0.48,-21.48,33.5306769,-82.0214291,16
335306697,-820214239,30,15099304,880,75.7,139.82,141.88,-0.01,-9.11,-21.48,33.5306697,-82.0214239,16
335306628,-820214182,30,14401902,953,74.77,139.75,141.38,-0.01,-2.64,-21.48,33.5306628,-82.0214182,16
335306556,-820214120,30,14521026,989,73.79,139.69,142.63,-0.02,-2.58,-21.48,33.5306556,-82.021412,16
335306483,-820214056,30,14548140,1011,72.78,139.64,144.63,-0.03,-0.85,-21.48,33.5306483,-82.0214056,16
335306416,-820213998,30,14425588,874,71.87,139.58,141.81,-0.01,-2.44,-21.48,33.5306416,-82.0213998,16
335306347,-820213935,30,14258586,1002,70.9,139.54,143.55,-0.02,0.96,-21.76,33.5306347,-82.0213935,16
335306277,-820213869,30,14166146,979,69.92,139.5,141.84,-0.01,0.18,-21.76,33.5306277,-82.0213869,16
335306202,-820213802,30,14379188,1062,68.88,139.44,140.73,-0.01,-3.06,-21.76,33.5306202,-82.0213802,16
335306127,-820213729,30,14050748,1066,67.8,139.42,140.28,0,-0.23,-21.76,33.5306127,-82.0213729,16
335306055,-820213653,30,13860518,1075,66.74,139.43,141.52,-0.01,2.91,-21.76,33.5306055,-82.0213653,16
335305981,-820213576,30,13982116,1080,65.65,139.44,141.41,-0.01,1.59,-21.76,33.5305981,-82.0213576,16
335305905,-820213498,30,14012734,1100,64.54,139.44,140.7,-0.01,0.57,-21.76,33.5305905,-82.0213498,16
335305829,-820213419,30,13974094,1131,63.42,139.45,140.24,0,0.5,-21.76,33.5305829,-82.0213419,16
335305751,-820213336,30,13881308,1165,62.26,139.46,140.29,0,1.48,-21.76,33.5305751,-82.0213336,16
335305671,-820213254,30,14037186,1185,61.09,139.46,139.48,0,-0.89,-21.76,33.5305671,-82.0213254,16
335305590,-820213170,30,13977586,1191,59.9,139.47,137.93,0.01,-1.85,-21.36,33.530559,-82.021317,16
335305507,-820213083,30,13880190,1222,58.67,139.48,137.13,0.01,-1.67,-21.36,33.5305507,-82.0213083,16
335305423,-820212996,30,13990188,1250,57.44,139.49,135.58,0.02,-4.32,-21.36,33.5305423,-82.0212996,16
335305340,-820212914,30,13991204,1147,56.24,139.47,136.74,0.02,-3.17,-21.36,33.530534,-82.0212914,16
335305259,-820212830,30,13847600,1211,55.05,139.47,136.32,0.02,-2.16,-21.36,33.5305259,-82.021283,16
335305176,-820212743,30,13833548,1224,53.82,139.49,136.89,0.01,-1.45,-21.36,33.5305176,-82.0212743,16
335305092,-820212654,30,13776648,1229,52.58,139.51,137.1,0.01,-0.67,-21.36,33.5305092,-82.0212654,16
335305008,-820212565,30,13842850,1256,51.33,139.53,138.23,0.01,-0.2,-21.36,33.5305008,-82.0212565,16
335304924,-820212476,30,13859718,1243,50.08,139.56,139.32,0,0.72,-21.36,33.5304924,-82.0212476,16
335304838,-820212390,30,13999900,1248,48.84,139.54,139.01,0,-0.99,-21.36,33.5304838,-82.021239,16
335304753,-820212303,30,13924276,1228,47.6,139.54,140.65,-0.01,1.41,-22.93,33.5304753,-82.0212303,16
335304668,-820212217,30,13986206,1239,46.36,139.53,140.23,0,0.37,-22.93,33.5304668,-82.0212217,16
335304581,-820212130,30,14058928,1252,45.1,139.52,139.14,0,-1.44,-22.93,33.5304581,-82.021213,16
335304494,-820212042,30,13965326,1258,43.83,139.51,137.74,0.01,-1.91,-22.93,33.5304494,-82.0212042,16
335304407,-820211951,30,13841354,1279,42.55,139.52,137.24,0.01,-1.17,-22.93,33.5304407,-82.0211951,16
335304319,-820211859,30,13786410,1297,41.25,139.54,137.02,0.01,-0.84,-22.93,33.5304319,-82.0211859,16
335304232,-820211767,30,13791706,1288,39.96,139.57,137.01,0.01,-0.9,-22.93,33.5304232,-82.0211767,16
335304145,-820211676,30,13856854,1283,38.68,139.59,136.29,0.02,-2.27,-22.93,33.5304145,-82.0211676,16
335304056,-820211586,30,13884174,1287,37.38,139.59,135.45,0.02,-3.39,-22.93,33.5304056,-82.0211586,16
335303974,-820211498,30,13706750,1179,36.16,139.63,136.84,0.02,-0.22,-22.93,33.5303974,-82.0211498,16
335303892,-820211408,30,13740206,1250,34.92,139.71,137.96,0.01,0.56,-22.93,33.5303892,-82.0211408,16
335303809,-820211319,30,13896552,1235,33.69,139.76,140.66,0,1.69,-23.83,33.5303809,-82.0211319,16
335303725,-820211235,30,14059052,1217,32.47,139.75,141.64,-0.01,1.05,-23.83,33.5303725,-82.0211235,16
335303640,-820211153,30,14199216,1217,31.26,139.69,142.46,-0.02,0.46,-23.83,33.530364,-82.0211153,16
335303554,-820211074,30,14210998,1197,30.05,139.57,141.77,-0.01,-0.34,-23.83,33.5303554,-82.0211074,16
335303472,-820210995,30,14108224,1174,28.89,139.51,140.13,0,-0.96,-23.83,33.5303472,-82.0210995,16
335303393,-820210912,30,13705882,1170,27.72,139.54,140.15,0,3.09,-23.83,33.5303393,-82.0210912,16
335303315,-820210826,30,13678162,1171,26.54,139.63,140.92,-0.01,4.13,-23.83,33.5303315,-82.0210826,16
335303238,-820210742,30,13771082,1174,25.38,139.72,141.72,-0.01,4,-23.83,33.5303238,-82.0210742,16
335303158,-820210659,30,13843650,1188,24.21,139.75,143.27,-0.02,4.83,-23.83,33.5303158,-82.0210659,16
335303078,-820210580,30,14116048,1158,23.05,139.71,144.66,-0.03,3.5,-23.83,33.5303078,-82.021058,16
335303004,-820210509,30,14013596,1023,22,139.63,138.94,0,-1.2,-21.68,33.5303004,-82.0210509,16
335302933,-820210438,30,14045524,1031,20.97,139.6,138.31,0.01,-2.14,-21.68,33.5302933,-82.0210438,16
335302856,-820210363,30,14118732,1128,19.87,139.53,138.61,0.01,-2.58,-21.68,33.5302856,-82.0210363,16
335302775,-820210285,30,14169934,1169,18.72,139.42,138.82,0,-2.88,-21.68,33.5302775,-82.0210285,16
335302691,-820210205,30,14122942,1194,17.52,139.28,139.37,0,-1.86,-21.68,33.5302691,-82.0210205,16
335302607,-820210125,30,14213170,1195,16.33,139.11,139.51,0,-2.62,-21.68,33.5302607,-82.0210125,16
335302521,-820210044,30,14190546,1192,15.12,138.89,139.23,0,-2.67,-21.68,33.5302521,-82.0210044,16
335302437,-820209966,30,14197858,1184,13.94,138.6,138.92,0,-3.06,-21.68,33.5302437,-82.0209966,16
335302353,-820209887,30,14085828,1172,12.75,138.3,139.55,-0.01,-1.31,-21.68,33.5302353,-82.0209887,16
335302270,-820209809,30,14148072,1164,11.58,137.93,140.25,-0.01,-1.23,-21.68,33.530227,-82.0209809,16
335302185,-820209735,30,14324888,1159,10.42,137.25,140.52,-0.02,-2.73,-21.68,33.5302185,-82.0209735,16
335302098,-820209663,30,14447956,1172,9.26,136.22,142.44,-0.03,-2.04,-23.89,33.5302098,-82.0209663,16
335302019,-820209598,29,14487248,1034,8.21,135.01,137.44,-0.01,-7.44,-23.89,33.5302019,-82.0209598,16
335301938,-820209528,29,14316418,1126,7.12,133.58,137.27,-0.02,-5.9,-23.89,33.5301938,-82.0209528,16
335301859,-820209458,29,14368822,1077,6.04,131.78,136.17,-0.02,-7.52,-23.89,33.5301859,-82.0209458,16
335301783,-820209386,29,14119878,1079,4.99,129.65,132.53,-0.02,-8.67,-23.89,33.5301783,-82.0209386,16
335301705,-820209309,29,14022772,1137,3.89,126.52,130.52,-0.02,-9.71,-23.89,33.5301705,-82.0209309,16
335301631,-820209229,29,13735376,1083,2.81,122.03,128.77,-0.04,-8.59,-23.89,33.5301631,-82.0209229,16
335301566,-820209152,29,13444724,987,1.84,114.7,123.8,-0.05,-10.65,-23.89,33.5301566,-82.0209152,16
335301454,-820209013,29,13029090,841,75.32,152.27,120.88,0.17,-9.41,-31.45,33.5301454,-82.0209013,17
335301291,-820208826,29,14316404,928,72.91,152.81,155.43,-0.01,12.27,-31.45,33.5301291,-82.0208826,17
335301212,-820208766,29,14789570,1083,71.88,152.89,157.31,-0.02,9.42,-31.45,33.5301212,-82.0208766,17
335301130,-820208704,29,14753742,1044,70.8,152.96,154.26,-0.01,6.72,-31.45,33.530113,-82.0208704,17
335301046,-820208641,29,14796834,1110,69.7,153.04,154.73,-0.01,6.76,-31.45,33.5301046,-82.0208641,17
335300959,-820208576,29,14843654,1127,68.57,153.13,156.27,-0.02,7.84,-31.45,33.5300959,-82.0208576,17
335300870,-820208514,29,15077600,1132,67.43,153.18,157.39,-0.02,6.62,-31.45,33.530087,-82.0208514,17
335300787,-820208455,29,14919898,1029,66.36,153.24,155.54,-0.01,6.34,-31.45,33.5300787,-82.0208455,17
335300702,-820208396,29,15078764,1114,65.26,153.3,150.73,0.01,-0.06,-25.61,33.5300702,-82.0208396,17
335300612,-820208336,29,15184356,1151,64.12,153.34,151.39,0.01,-0.45,-25.61,33.5300612,-82.0208336,17
335300520,-820208276,29,15110538,1172,62.96,153.37,151.47,0.01,0.37,-25.61,33.530052,-82.0208276,17
335300425,-820208213,29,15105522,1199,61.75,153.42,152.25,0.01,1.2,-25.61,33.5300425,-82.0208213,17
335300332,-820208149,29,15050722,1179,60.56,153.48,154.12,0,3.61,-25.61,33.5300332,-82.0208149,17
335300238,-820208089,29,15193394,1159,59.38,153.51,155.3,-0.01,3.37,-25.61,33.5300238,-82.0208089,17
335300144,-820208032,29,15357840,1170,58.2,153.52,156.65,-0.02,3.07,-25.61,33.5300144,-82.0208032,17
335300048,-820207977,29,15482336,1162,57.02,153.5,157.87,-0.02,3.05,-25.61,33.5300048,-82.0207977,17
335299959,-820207924,29,15307108,1039,55.92,153.5,155.68,-0.01,2.61,-25.61,33.5299959,-82.0207924,17
335299869,-820207870,29,15399470,1125,54.8,153.5,156.14,-0.01,2.15,-25.61,33.5299869,-82.020787,17
335299776,-820207815,29,15357950,1143,53.64,153.49,154.96,-0.01,1.38,-23.72,33.5299776,-82.0207815,17
335299681,-820207762,29,15484646,1157,52.48,153.46,156.16,-0.01,1.31,-23.72,33.5299681,-82.0207762,17
335299586,-820207710,29,15531130,1152,51.32,153.41,157.03,-0.02,1.72,-23.72,33.5299586,-82.020771,17
335299495,-820207661,29,15525886,1090,50.21,153.36,156.29,-0.02,1.03,-23.72,33.5299495,-82.0207661,17
335299402,-820207612,29,15512432,1150,49.08,153.29,155.93,-0.01,0.81,-23.72,33.5299402,-82.0207612,17
335299307,-820207558,29,15394686,1163,47.91,153.26,156.35,-0.02,2.4,-23.72,33.5299307,-82.0207558,17
335299212,-820207503,29,15319804,1174,46.74,153.24,157.48,-0.02,4.28,-23.72,33.5299212,-82.0207503,17
335299124,-820207451,29,15282338,1063,45.65,153.22,155.29,-0.01,2.47,-23.72,33.5299124,-82.0207451,17
335299033,-820207399,29,15407764,1147,44.53,153.19,155.65,-0.01,1.57,-23.72,33.5299033,-82.0207399,17
335298939,-820207344,29,15240440,1140,43.36,153.17,156.95,-0.02,4.55,-23.72,33.5298939,-82.0207344,17
335298855,-820207292,29,15186860,994,42.31,153.18,152.6,0,0.73,-21.57,33.5298855,-82.0207292,17
335298776,-820207242,29,15195758,983,41.32,153.2,152.2,0.01,0.24,-21.57,33.5298776,-82.0207242,17
335298690,-820207190,29,15279206,1091,40.25,153.2,153.08,0,0.29,-21.57,33.529869,-82.020719,17
335298599,-820207136,29,15381586,1125,39.12,153.19,154.16,-0.01,0.34,-21.57,33.5298599,-82.0207136,17
335298507,-820207084,29,15453866,1125,37.99,153.14,154.66,-0.01,0.12,-21.57,33.5298507,-82.0207084,17
335298416,-820207033,29,15496588,1127,36.87,153.09,154.4,-0.01,-0.57,-21.57,33.5298416,-82.0207033,17
335298323,-820206980,29,15406990,1135,35.73,153.04,154.06,-0.01,-0.01,-21.57,33.5298323,-82.020698,17
335298232,-820206926,29,15267852,1138,34.6,153.02,154.22,-0.01,1.54,-21.57,33.5298232,-82.0206926,17
335298140,-820206869,29,15267728,1153,33.45,153.03,154.92,-0.01,2.24,-21.57,33.529814,-82.0206869,17
335298047,-820206813,29,15315228,1159,32.29,153.02,154.82,-0.01,1.67,-21.57,33.5298047,-82.0206813,17
335297955,-820206757,29,15333348,1147,31.14,153.02,155.04,-0.01,1.7,-21.57,33.5297955,-82.0206757,17
335297862,-820206702,29,15295526,1155,29.99,152.99,155.54,-0.01,2.59,-20.81,33.5297862,-82.0206702,17
335297769,-820206647,29,15397288,1161,28.83,152.96,157,-0.02,3.03,-20.81,33.5297769,-82.0206647,17
335297684,-820206596,29,15201154,1015,27.78,152.94,155.1,-0.01,3.09,-20.81,33.5297684,-82.0206596,17
335297598,-820206543,29,15268598,1103,26.7,152.94,156.33,-0.02,3.65,-20.81,33.5297598,-82.0206543,17
335297507,-820206491,29,15433352,1127,25.58,152.87,157.42,-0.03,3.09,-20.81,33.5297507,-82.0206491,17
335297422,-820206442,29,15279192,1010,24.53,152.81,154.74,-0.01,1.95,-20.81,33.5297422,-82.0206442,17
335297335,-820206392,29,15490832,1084,23.46,152.74,155.34,-0.01,0.44,-20.81,33.5297335,-82.0206392,17
335297245,-820206341,29,15389282,1111,22.35,152.64,156.63,-0.02,2.74,-20.81,33.5297245,-82.0206341,17
335297162,-820206292,29,15368980,980,21.33,152.59,154.68,-0.01,0.99,-20.81,33.5297162,-82.0206292,17
335297081,-820206242,29,15199276,1027,20.31,152.58,154.68,-0.01,2.69,-20.81,33.5297081,-82.0206242,17
335296994,-820206190,29,15386594,1095,19.23,152.52,154.06,-0.01,0.2,-20.81,33.5296994,-82.020619,17
335296904,-820206138,29,15391864,1137,18.12,152.42,151.78,0,-2.14,-18.59,33.5296904,-82.0206138,17
335296811,-820206086,29,15468856,1155,16.98,152.24,151.92,0,-2.77,-18.59,33.5296811,-82.0206086,17
335296717,-820206033,29,15461428,1157,15.83,152.05,153.11,-0.01,-1.5,-18.59,33.5296717,-82.0206033,17
335296623,-820205981,29,15511772,1151,14.68,151.8,154.62,-0.02,-0.5,-18.59,33.5296623,-82.0205981,17
335296529,-820205933,29,15656986,1137,13.55,151.37,156.35,-0.03,-0.22,-18.59,33.5296529,-82.0205933,17
335296356,-820205838,29,15274334,1024,11.44,150.63,151.16,0,-1.58,-18.59,33.5296356,-82.0205838,17
335296269,-820205783,29,15227930,1121,10.34,150.46,151,0,-1.28,-18.59,33.5296269,-82.0205783,17
335296177,-820205725,29,15247072,1178,9.19,150.23,151.26,-0.01,-1.21,-18.59,33.5296177,-82.0205725,17
335296083,-820205667,29,15287408,1168,8.01,149.86,151.46,-0.01,-1.41,-18.59,33.5296083,-82.0205667,17
335295989,-820205612,29,15429202,1163,6.85,149.15,152.94,-0.02,-1.35,-19.99,33.5295989,-82.0205612,17
335295902,-820205558,29,15188558,1058,5.77,148.49,152.09,-0.02,0.21,-19.99,33.5295902,-82.0205558,17
335295814,-820205504,29,15293140,1123,4.67,147.46,152.43,-0.03,-0.5,-19.99,33.5295814,-82.0205504,17
335295730,-820205450,29,15020678,1021,3.61,146.18,149.62,-0.02,-0.58,-19.99,33.529573,-82.020545,17
335295643,-820205394,29,15130306,1115,2.52,143.74,150.48,-0.04,-0.82,-19.99,33.5295643,-82.0205394,17
335295561,-820205337,29,14859164,1015,1.48,139.36,145.38,-0.03,-3.21,-19.99,33.5295561,-82.0205337,17
335295485,-820205279,29,14576428,988,38.66,133.28,140.63,-0.04,-5.14,-21.04,33.5295485,-82.0205279,18
335295415,-820205221,29,14355488,913,37.74,132.98,135,-0.01,-8.56,-21.04,33.5295415,-82.0205221,18
335295342,-820205152,29,13999406,1068,36.72,132.73,134.75,-0.01,-5.25,-21.04,33.5295342,-82.0205152,18
335295262,-820205075,29,14131544,1152,35.59,132.46,136.11,-0.02,-5.21,-21.04,33.5295262,-82.0205075,18
335295186,-820205000,29,14077778,1075,34.51,132.2,135.41,-0.02,-5.37,-21.04,33.5295186,-82.0205,18
335295103,-820204923,29,14217068,1197,33.36,131.85,136.4,-0.03,-5.78,-21.04,33.5295103,-82.0204923,18
335295024,-820204845,29,14017902,1108,32.23,131.54,134.09,-0.01,-6.09,-21.04,33.5295024,-82.0204845,18
335294943,-820204766,29,14099558,1185,31.09,131.2,134.73,-0.02,-6.27,-21.04,33.5294943,-82.0204766,18
335294859,-820204686,29,14136850,1198,29.92,130.79,135.41,-0.03,-5.96,-21.04,33.5294859,-82.0204686,18
335294779,-820204610,29,14076254,1094,28.8,130.36,132.77,-0.01,-8,-21.04,33.5294779,-82.020461,18
335294696,-820204533,29,14179980,1181,27.66,129.86,133.27,-0.02,-8.53,-21.04,33.5294696,-82.0204533,18
335294609,-820204454,29,14233866,1193,26.48,129.27,139.4,-0.06,-2.93,-27.41,33.5294609,-82.0204454,18
335294529,-820204381,29,14131978,1059,25.39,128.68,131.12,-0.01,-10.2,-27.41,33.5294529,-82.0204381,18
335294456,-820204300,29,13462914,1135,24.3,128.3,128.32,0,-6.31,-27.41,33.5294456,-82.02043,18
335294381,-820204212,29,13400410,1161,23.14,127.93,127.45,0,-6.55,-27.41,33.5294381,-82.0204212,18
335294309,-820204122,29,13279544,1161,21.99,127.62,127.56,0,-5.23,-27.41,33.5294309,-82.0204122,18
335294234,-820204032,29,13505386,1184,20.82,127.2,128.26,-0.01,-6.79,-27.41,33.5294234,-82.0204032,18
335294155,-820203942,29,13702054,1223,19.63,126.63,128.25,-0.01,-8.77,-27.41,33.5294155,-82.0203942,18
335294074,-820203852,29,13686400,1226,18.42,125.93,128.29,-0.01,-8.57,-27.41,33.5294074,-82.0203852,18
335293992,-820203760,29,13656750,1241,17.2,125.14,129.09,-0.02,-7.47,-27.41,33.5293992,-82.020376,18
335293913,-820203671,29,13667322,1184,16.02,124.27,126.69,-0.01,-9.98,-27.41,33.5293913,-82.0203671,18
335293833,-820203583,29,13760062,1221,14.85,123.2,133.71,-0.06,-3.89,-34.69,33.5293833,-82.0203583,18
335293691,-820203409,29,12968468,1115,12.64,121.21,123.66,-0.01,-6.02,-34.69,33.5293691,-82.0203409,18
335293626,-820203312,29,12787882,1174,11.5,120.46,124.34,-0.02,-3.53,-34.69,33.5293626,-82.0203312,18
335293562,-820203219,29,12817496,1102,10.4,119.48,123.12,-0.02,-5.05,-34.69,33.5293562,-82.0203219,18
335293499,-820203127,29,12844058,1105,9.31,118.31,123.05,-0.03,-5.39,-34.69,33.5293499,-82.0203127,18
335293439,-820203038,29,12849994,1040,8.27,116.95,120.56,-0.02,-7.94,-34.69,33.5293439,-82.0203038,18
335293379,-820202949,29,12904494,1075,7.23,115.2,119.86,-0.03,-9.18,-34.69,33.5293379,-82.0202949,18
335293320,-820202860,29,12780244,1046,6.21,112.97,116.7,-0.02,-11.1,-34.69,33.529332,-82.020286,18
335293262,-820202770,29,12737610,1062,5.2,110.01,115.6,-0.03,-11.77,-34.69,33.5293262,-82.020277,18
335293207,-820202684,29,12771602,988,4.25,105.94,117.8,-0.07,-9.92,-41.79,33.5293207,-82.0202684,18
335293104,-820202519,29,12224284,1002,2.56,90.5,105.67,-0.08,-16.57,-41.79,33.5293104,-82.0202519,18
335293018,-820202343,29,11677528,903,1.32,44.78,90.14,-0.25,-26.64,-41.79,33.5293018,-82.0202343,18
335292920,-820202109,29,11452364,704,32.96,142.32,64.25,0.43,-50.27,-59.49,33.529292,-82.0202109,19
335292724,-820201699,29,12736348,950,28.96,145.63,144.88,0,17.52,-59.49,33.5292724,-82.0201699,19
335292663,-820201606,29,12780030,1137,27.91,146.31,148.67,-0.01,20.87,-59.49,33.5292663,-82.0201606,19
335292595,-820201506,29,12926960,1221,26.77,147.06,149.4,-0.01,20.13,-59.49,33.5292595,-82.0201506,19
335292523,-820201403,29,12956936,1246,25.58,147.88,150.14,-0.01,20.57,-59.49,33.5292523,-82.0201403,19
335292451,-820201301,29,12965670,1243,24.4,148.76,152.01,-0.02,22.36,-59.49,33.5292451,-82.0201301,19
335292378,-820201200,29,13119734,1260,23.23,149.7,143.79,0.03,12.6,-49.23,33.5292378,-82.02012,19
335292303,-820201105,29,13388026,1209,22.07,150.58,148.76,0.01,14.88,-49.23,33.5292303,-82.0201105,19
335292220,-820201007,29,13550016,1307,20.82,151.51,151.39,0,15.89,-49.23,33.529222,-82.0201007,19
335292132,-820200909,29,13727914,1324,19.53,152.48,153.18,0,15.9,-49.23,33.5292132,-82.0200909,19
335292040,-820200812,29,13877274,1361,18.21,153.51,154.39,0,15.62,-49.23,33.529204,-82.0200812,19
335291948,-820200716,29,13831802,1339,16.9,154.66,156.78,-0.01,18.47,-49.23,33.5291948,-82.0200716,19
335291856,-820200621,29,13862104,1345,15.6,155.97,159.32,-0.02,20.7,-49.23,33.5291856,-82.0200621,19
335291762,-820200528,29,14076316,1355,14.3,157.42,161.68,-0.02,20.92,-49.23,33.5291762,-82.0200528,19
335291672,-820200440,29,14036854,1259,13.07,159.04,160.04,-0.01,19.67,-49.23,33.5291672,-82.020044,19
335291580,-820200350,29,14040474,1356,11.82,161.05,161.49,0,21.09,-49.23,33.529158,-82.020035,19
335291485,-820200255,29,13947574,1372,10.54,163.71,145.59,0.1,6.11,-31.66,33.5291485,-82.0200255,19
335291307,-820200091,29,14735342,1180,8.27,169.99,163.39,0.04,16.03,-31.66,33.5291307,-82.0200091,19
335291220,-820200026,29,14830134,1117,7.22,173.37,168.65,0.03,20.35,-31.66,33.529122,-82.0200026,19
335291133,-820199962,29,14892528,1123,6.21,177.78,172.09,0.03,23.16,-31.66,33.5291133,-82.0199962,19
335291046,-820199902,29,15035278,1084,5.25,183.44,177.14,0.04,26.79,-31.66,33.5291046,-82.0199902,19
335290959,-820199846,29,15190502,1058,4.35,191.05,182.62,0.05,30.71,-31.66,33.5290959,-82.0199846,19
335290874,-820199792,29,15317914,1043,3.58,201.87,190.04,0.07,36.86,-31.66,33.5290874,-82.0199792,19
335290789,-820199744,29,15494934,998,2.97,216.79,200,0.09,45.05,-31.66,33.5290789,-82.0199744,19
335290631,-820199684,29,17077570,864,2.42,255.07,218.73,0.2,47.95,-31.66,33.5290631,-82.0199684,19
